prediction_date,target_date,symbol,rank,score,base_close,predicted_open,actual_open,open_error,open_abs_pct_error,baseline_open_error,baseline_open_abs_pct_error,predicted_high,actual_high,high_error,high_abs_pct_error,baseline_high_error,baseline_high_abs_pct_error,predicted_low,actual_low,low_error,low_abs_pct_error,baseline_low_error,baseline_low_abs_pct_error,predicted_close,actual_close,close_error,close_abs_pct_error,baseline_close_error,baseline_close_abs_pct_error,predicted_close_direction,actual_close_direction,close_direction_correct
2026-09-17,2026-09-18,TATAINVEST,1,78.9,719.2999877929688,722.373313759574,688.0,-34.37331375957399,0.0499612118598459,-31.29998779296875,0.0454941683037336,739.5477749833113,707.8499755859375,-31.69779939737384,0.0447803920189943,-11.45001220703125,0.0161757612516031,706.230550496186,682.5499877929688,-23.68056270321722,0.034694254086486,-36.75,0.0538422103248898,721.5917047306792,702.3499755859375,-19.24172914474173,0.0273962124490561,-16.95001220703125,0.0241332851088813,1,-1,0
2026-09-17,2026-09-18,APARINDS,2,75.23333333333335,17801.0,17856.70617577066,17800.0,-56.7061757706615,0.0031857402118349,-1.0,5.617977528089888e-05,18171.00090631661,19080.0,908.9990936833892,0.0476414619330916,1279.0,0.0670335429769392,17540.80266252565,17745.0,204.1973374743502,0.0115073168483713,-56.0,0.0031558185404339,17840.808608574986,18858.0,1017.1913914250144,0.0539395159309054,1057.0,0.0560504825538233,1,1,1
2026-09-17,2026-09-18,NIACL,3,74.13333333333333,197.0500030517578,197.8927223204016,196.759994506836,-1.132727813565651,0.0057569010225109,-0.290008544921875,0.0014739202735228,202.6813910590089,196.759994506836,-5.921396552172951,0.0300945147259964,-0.290008544921875,0.0014739202735228,192.340908543644,186.0,-6.340908543643991,0.0340909061486236,-11.050003051757812,0.0594086185578377,197.7774154316011,187.6600036621093,-10.117411769491724,0.0539135221786982,-9.389999389648438,0.050037297273827,1,-1,0
2026-09-17,2026-09-18,PAYTM,4,73.53333333333333,1763.0,1765.64889956472,1795.4000244140625,29.751124849342432,0.0165707499413964,32.4000244140625,0.0180461312094703,1792.6878840331472,1849.9000244140625,57.21214038091534,0.0309271526168214,86.9000244140625,0.0469755247673923,1737.358548800013,1765.0,27.64145119998693,0.0156608788668481,2.0,0.0011331444759206,1763.66078761219,1849.9000244140625,86.2392368018725,0.0466183229708253,86.9000244140625,0.0469755247673923,1,1,1
2026-09-17,2026-09-18,IPCALAB,5,72.93333333333334,1970.300048828125,1974.0313189509727,1972.300048828125,-1.731270122847718,0.0008777924656425,2.0,0.0010140444914496,2001.6697293581333,2038.0,36.33027064186672,0.0178264330921819,67.699951171875,0.0332188180431182,1945.3362998445948,1964.0,18.663700155405195,0.0095029023194527,-6.300048828125,0.0032077641691064,1972.486556892588,2009.5999755859373,37.11341869334956,0.0184680628703373,39.2999267578125,0.0195560943646776,1,1,1
2026-09-17,2026-09-18,AUROPHARMA,6,72.8,1690.0,1694.235563592843,1683.199951171875,-11.035612420967936,0.0065563288623462,-6.800048828125,0.0040399530806727,1719.5379763361254,1734.0,14.46202366387456,0.0083402673955447,44.0,0.0253748558246828,1665.3923255146935,1676.0999755859375,10.70765007124396,0.0063884316133951,-13.9000244140625,0.0082930759599845,1692.571229198615,1734.0,41.4287708013851,0.023892024683613,44.0,0.0253748558246828,1,1,1
2026-09-17,2026-09-18,BHEL,7,71.33333333333334,429.2000122070313,430.3141797984618,428.3999938964844,-1.9141859019774188,0.0044682211233643,-0.8000183105469318,0.0018674564004317,438.71166800341695,439.8999938964844,1.1883258930674288,0.0027013546477726,10.699981689453068,0.024323668647222,422.5580541075223,427.25,4.69194589247769,0.0109817340959103,-1.9500122070313068,0.0045641011282183,430.2782880462445,439.8999938964844,9.621705850239891,0.0218724846186381,10.699981689453068,0.024323668647222,1,1,1
2026-09-17,2026-09-18,IDFCFIRSTB,8,68.8,86.33000183105469,86.5526088314711,86.0,-0.5526088314711046,0.0064256840868733,-0.3300018310546875,0.0038372305936591,87.7177287319622,87.16999816894531,-0.5477305630168843,0.0062834756742259,0.839996337890625,0.0096363009697742,85.24263845457034,85.91999816894531,0.6773597143749726,0.0078836095066374,-0.410003662109375,0.0047719235433778,86.43068718123857,85.91999816894531,-0.5106890122932555,0.005943773547214,-0.410003662109375,0.0047719235433778,1,-1,0
2026-09-17,2026-09-18,LICHSGFIN,9,68.66666666666667,545.9000244140625,546.8013018082646,548.5999755859375,1.7986737776728887,0.0032786617894975,2.699951171875,0.0049215298797476,555.0676532811276,552.0,-3.0676532811276047,0.0055573429005934,6.0999755859375,0.011050680409307,538.6902215732448,543.5999755859375,4.9097540126927015,0.0090319246379666,-2.300048828125,0.004231142257955,546.4702779305928,548.1500244140625,1.6797464834696711,0.0030643918793312,2.25,0.0041047156796264,1,1,1
2026-09-17,2026-09-18,LAURUSLABS,10,66.5,1948.0999755859373,1952.6874733417,1962.0,9.31252665829993,0.0047464457993373,13.900024414062727,0.0070846199867801,1981.7769142459288,1982.0,0.223085754071235,0.0001125558799552,33.90002441406273,0.0171039477366613,1922.1138882206471,1954.0,31.88611177935286,0.016318378597417,5.900024414062727,0.0030194597820177,1951.0178566829927,1954.0,2.982143317007285,0.0015261736525114,5.900024414062727,0.0030194597820177,1,1,1
2026-09-18,2026-09-21,APARINDS,1,85.67792939935629,18858.0,18887.08738315528,18800.0,-87.08738315528171,0.0046323076146426,-58.0,0.0030851063829787,19218.21251995249,19128.0,-90.21251995248896,0.0047162547026604,270.0,0.0141154328732747,18584.50136715544,18548.0,-36.50136715544068,0.0019679408645374,-310.0,0.016713392279491,18864.221173771897,18945.0,80.77882622810284,0.0042638599223068,87.0,0.0045922406967537,1,1,1
2026-09-18,2026-09-21,LENSKART,2,83.06545970301524,707.2000122070312,709.5284482393082,687.9000244140625,-21.628423825245704,0.0314412313674044,-19.29998779296875,0.0280563848059287,717.4934292580492,698.2999877929688,-19.19344146508047,0.0274859541752862,-8.9000244140625,0.0127452736211434,698.3770521419964,682.0999755859375,-16.277076556058887,0.0238631830210469,-25.10003662109375,0.0367981784481553,706.9972037204597,683.8499755859375,-23.147228134522152,0.0338484009079463,-23.35003662109375,0.0341449695908622,-1,-1,1
2026-09-18,2026-09-21,SUNDARMFIN,3,82.13171663739367,4730.60009765625,4742.372345673899,4751.2998046875,8.927459013601037,0.0018789508935625,20.69970703125,0.0043566408945249,4792.039781929119,4751.2998046875,-40.73997724161927,0.0085744909638045,20.69970703125,0.0043566408945249,4678.912088878215,4636.39990234375,-42.5121865344654,0.0091692234125393,-94.2001953125,0.0203175302598209,4730.394029448571,4679.5,-50.89402944857102,0.0108759545781752,-51.10009765625,0.0109199909512234,-1,-1,1
2026-09-18,2026-09-21,TATAINVEST,4,81.55280099479717,702.3499755859375,703.5097699946497,700.9500122070312,-2.559757787618423,0.0036518407062419,-1.39996337890625,0.0019972371132404,714.5558806819557,700.9500122070312,-13.605868474924478,0.0194106116527263,-1.39996337890625,0.0019972371132404,691.9818658736988,678.0,-13.98186587369878,0.020622221052653,-24.3499755859375,0.0359144182683443,702.1980042771759,680.5,-21.69800427717587,0.0318853846835795,-21.8499755859375,0.0321087076942505,-1,-1,1
2026-09-18,2026-09-21,IPCALAB,5,81.08264640739867,2009.5999755859373,2015.598519727248,2012.0,-3.598519727248004,0.0017885286914751,2.400024414062728,0.0011928550765719,2035.299626445243,2033.9000244140625,-1.3996020311803932,0.0006881370836226,24.300048828125227,0.011947513907487,1989.238366804076,2000.800048828125,11.561682024049103,0.0057785294591635,-8.799926757812273,0.0043982039899321,2010.0541840660417,2008.199951171875,-1.854232894166671,0.000923330813291,-1.4000244140622726,0.0006971538930898,1,-1,0
2026-09-18,2026-09-21,AUROPHARMA,6,78.86929427170189,1734.0,1739.6376394592928,1709.800048828125,-29.837590631167814,0.0174509239554754,-24.199951171875,0.0141536732253934,1758.6789881409104,1738.9000244140625,-19.778963726847905,0.0113744110927323,4.9000244140625,0.0028178873686045,1714.078463570446,1706.4000244140625,-7.678439156383547,0.004499788470772,-27.5999755859375,0.0161743877115887,1734.9874243661682,1713.4000244140625,-21.58739995210567,0.0125991593582987,-20.5999755859375,0.0120228640670074,1,-1,0
2026-09-18,2026-09-21,PAYTM,7,78.80933782133195,1849.9000244140625,1856.8378067154845,1823.0,-33.83780671548448,0.0185616054391028,-26.9000244140625,0.0147559102655307,1884.8878768261943,1829.300048828125,-55.58782799806932,0.0303874851114116,-20.5999755859375,0.0112611244935647,1825.28085000846,1792.0,-33.28085000845999,0.0185719029065066,-57.9000244140625,0.0323102814810616,1850.242836358213,1810.0,-40.24283635821303,0.0222336112476315,-39.9000244140625,0.0220442123834599,1,-1,0
2026-09-18,2026-09-21,JSWINFRA,8,77.9126646072483,348.25,349.3952631758437,349.0,-0.3952631758436951,0.0011325592431051,0.75,0.0021489971346704,355.1567778541536,350.95001220703125,-4.2067656471223245,0.0119867944174359,2.70001220703125,0.0076934381339712,342.8017007249585,345.95001220703125,3.1483114820727565,0.0091004809104867,-2.29998779296875,0.0066483240694101,347.7766792012041,349.6000061035156,1.8233269023115213,0.0052154658766557,1.350006103515625,0.0038615734552244,-1,1,0
2026-09-18,2026-09-21,MEDANTA,9,77.90109023781052,1499.4000244140625,1504.413012167602,1499.4000244140625,-5.012987753539392,0.0033433291129219,0.0,0.0,1526.0995869186368,1527.0,0.90041308136324,0.0005896614809189,27.5999755859375,0.018074640200352,1479.2390573676068,1467.5999755859375,-11.639081781669349,0.0079306909071202,-31.800048828125,0.0216680630670008,1500.193539542767,1508.0999755859375,7.906436043170515,0.005242647152818,8.699951171875,0.005768815935757,1,1,1
2026-09-18,2026-09-21,LGEINDIA,10,77.53632683021371,1696.9000244140625,1702.545662159137,1689.4000244140625,-13.14563774507451,0.0077812463330784,-7.5,0.0044394458929886,1721.7091958079673,1693.9000244140625,-27.80917139390476,0.0164172448155694,-3.0,0.0017710608399322,1676.357998458614,1649.0,-27.35799845861402,0.0165906600719308,-47.9000244140625,0.0290479226282974,1697.2871625776877,1656.300048828125,-40.987113749562695,0.024746188819207,-40.5999755859375,0.0245124520853954,1,-1,0
2026-09-21,2026-09-22,APARINDS,1,85.54459606602296,18945.0,18976.49914836508,18899.0,-77.49914836508106,0.0041007010087878,-46.0,0.0024339912164664,19231.39355681443,19265.0,33.60644318557024,0.0017444299603202,320.0,0.0166104334284972,18724.238621530018,17919.0,-805.2386215300176,0.0449376986176693,-1026.0,0.0572576594676042,18956.089716957627,18233.0,-723.0897169576274,0.0396582963285047,-712.0,0.0390500740415729,1,-1,0
2026-09-21,2026-09-22,LICHSGFIN,2,82.82286513672342,568.0,569.8540783196704,569.0,-0.8540783196704069,0.0015010163790341,1.0,0.0017574692442882,577.644101861924,573.9500122070312,-3.694089654892764,0.0064362567755469,5.95001220703125,0.0103667777340947,560.6148381134209,563.2000122070312,2.5851740936103624,0.0045901527655863,-4.79998779296875,0.0085227054135863,568.5288118589673,565.0,-3.528811858967288,0.0062456847061367,-3.0,0.0053097345132743,1,-1,0
2026-09-21,2026-09-22,PATANJALI,3,82.28149176007044,396.2000122070313,397.8007033675567,394.0,-3.8007033675567072,0.0096464552476058,-2.200012207031307,0.0055837873274906,407.22238276610153,412.7999877929688,5.577605026867218,0.0135116404840218,16.599975585937443,0.0402131203411343,387.87256872187663,394.0,6.127431278123368,0.0155518560358461,-2.200012207031307,0.0055837873274906,395.59754245287695,404.0,8.40245754712305,0.020798162245354,7.799987792968693,0.0193069004776452,-1,1,0
2026-09-21,2026-09-22,AUROPHARMA,4,81.33596093836856,1713.4000244140625,1716.0843262806582,1718.300048828125,2.2157225474668394,0.0012894852380281,4.9000244140625,0.0028516698334521,1734.493453286136,1719.0,-15.493453286135946,0.0090130618302128,5.5999755859375,0.0032576937672702,1694.283462461844,1689.300048828125,-4.98341363371901,0.0029499872667238,-24.0999755859375,0.0142662492685392,1713.8761783137752,1700.0,-13.8761783137752,0.0081624578316324,-13.4000244140625,0.0078823673023897,1,-1,0
2026-09-21,2026-09-22,PAYTM,5,80.34267115466528,1810.0,1813.3592993717368,1808.699951171875,-4.6593481998618245,0.0025760758144782,-1.300048828125,0.0007187752878981,1835.711144027368,1828.0999755859373,-7.611168441430209,0.0041634311815964,18.0999755859375,0.0099009768763528,1787.0326424525465,1802.5999755859373,15.567333133391005,0.008636044238451,-7.4000244140625,0.0041051950040424,1810.08033879954,1814.4000244140625,4.319685614522541,0.002380779076498,4.4000244140625,0.0024250575148021,1,1,1
2026-09-21,2026-09-22,LENSKART,6,79.69879303634858,683.8499755859375,685.1173524200225,685.0,-0.1173524200224847,0.0001713174014926,1.1500244140625,0.0016788677577554,693.151052274662,697.0,3.8489477253380073,0.005522163164043,13.1500244140625,0.0188666060460007,674.1463941017616,669.2999877929688,-4.8464063087928935,0.0072410076156941,-14.54998779296875,0.0217391125927667,683.7544212552035,691.4500122070312,7.6955909518277394,0.0111296417903938,7.60003662109375,0.0109914476634909,-1,1,0
2026-09-21,2026-09-22,MEDANTA,7,79.63442357114384,1508.0999755859375,1510.8625850340104,1508.0999755859375,-2.762609448072908,0.0018318476843682,0.0,0.0,1527.182562729302,1516.0,-11.182562729301935,0.0073763606393812,7.9000244140625,0.0052110978984581,1493.1162876206374,1483.5999755859375,-9.516312034699922,0.006414338225465,-24.5,0.0165138854159955,1508.7559207410388,1487.800048828125,-20.955871912913835,0.0140851399550765,-20.2999267578125,0.0136442573542068,1,-1,0
2026-09-21,2026-09-22,LAURUSLABS,8,79.13003332684644,2017.5,2023.363153697112,2018.0,-5.363153697112011,0.0026576579272111,0.5,0.0002477700693756,2044.804255004001,2032.800048828125,-12.004206175876106,0.0059052567333399,15.300048828125,0.0075265881840888,1993.1138103323167,2002.199951171875,9.086140839558311,0.0045380786440636,-15.300048828125,0.0076416188199235,2017.824996813724,2006.5,-11.3249968137236,0.0056441549034256,-11.0,0.0054821829055569,1,-1,0
2026-09-21,2026-09-22,JSWINFRA,9,78.77933127391498,349.6000061035156,350.238930891466,351.45001220703125,1.2110813155652522,0.0034459561061327,1.850006103515625,0.0052639238561921,353.55840308553815,375.5,21.94159691446185,0.0584330144193391,25.89999389648437,0.0689746841450982,346.2830542292905,351.29998779296875,5.016933563678265,0.0142810524850769,1.699981689453125,0.0048391168474932,349.581523722821,367.6000061035156,18.01848238069465,0.0490165453795467,18.0,0.0489662668692427,-1,1,0
2026-09-21,2026-09-22,IPCALAB,10,78.58264640739867,2008.199951171875,2010.0536951154163,2015.5,5.4463048845836965,0.0027022103123709,7.300048828125,0.0036219542684817,2029.791150461867,2037.0,7.208849538133109,0.0035389541178856,28.800048828125,0.0141384628513132,1989.211743269332,1980.0,-9.21174326933192,0.0046523955905716,-28.199951171875,0.014242399581755,2008.0880271022363,1992.4000244140625,-15.68800268817381,0.0078739221521478,-15.7999267578125,0.0079300976531854,-1,-1,1
2026-09-22,2026-09-23,JSWINFRA,1,87.4126646072483,367.6000061035156,369.1016765236006,369.0,-0.1016765236005881,0.0002755461344189,1.399993896484375,0.0037940213996866,375.2877962769911,370.2000122070313,-5.087784069959866,0.0137433384716221,2.600006103515625,0.0070232469416062,361.4840677907057,362.2000122070313,0.7159444163255557,0.001976654865258,-5.399993896484375,0.014908872762262,367.4393194479345,363.6000061035156,-3.8393133444188834,0.0105591674366634,-4.0,0.0110010999253427,-1,-1,1
2026-09-22,2026-09-23,APARINDS,2,87.0779293993563,18233.0,18297.49765347224,18300.0,2.502346527759073,0.0001367402474185,67.0,0.0036612021857923,18603.88146183029,18740.0,136.11853816971052,0.0072635292513185,507.0,0.0270544290288153,17883.141624363347,17799.0,-84.14162436334664,0.0047273231284536,-434.0,0.0243833923254115,18228.256887792995,17876.0,-352.25688779299526,0.0197055766274891,-357.0,0.0199709107182814,-1,-1,1
2026-09-22,2026-09-23,LICHSGFIN,3,83.42286513672342,565.0,565.6232929937518,565.0999755859375,-0.5233174078142611,0.0009260616358577,0.0999755859375,0.0001769166346783,571.892332512841,576.7000122070312,4.807679694190256,0.0083365347536429,11.70001220703125,0.0202878653708629,559.0095489227241,564.0499877929688,5.040438870244657,0.008936156332468,-0.95001220703125,0.0016842695285722,565.0790643764254,572.5,7.420935623574564,0.0129623329669424,7.5,0.0131004366812227,1,1,1
2026-09-22,2026-09-23,PATANJALI,4,82.41482509340376,404.0,404.6317467583869,404.0,-0.6317467583868961,0.0015637295999675,0.0,0.0,411.0832580426925,412.8999938964844,1.8167358537918967,0.0043999415854856,8.899993896484375,0.0215548414338694,397.4399710729997,402.0499877929688,4.610016719969053,0.011466277477772,-1.95001220703125,0.0048501735262715,403.2445653452381,409.4500122070313,6.2054468617931775,0.0151555664349461,5.45001220703125,0.0133105679437018,-1,1,0
2026-09-22,2026-09-23,SUNDARMFIN,5,82.065049970727,4751.89990234375,4763.485956845383,4729.2001953125,-34.28576153288304,0.0072498012596012,-22.69970703125,0.0047999040205042,4816.606434324458,4741.5,-75.10643432445795,0.0158402265790273,-10.39990234375,0.0021933781174206,4695.847022340758,4640.0,-55.847022340757576,0.0120359961941287,-111.89990234375,0.0241163582637392,4750.379652389706,4654.89990234375,-95.47975004595628,0.0205116655672621,-97.0,0.0208382568981043,-1,-1,1
2026-09-22,2026-09-23,AUROPHARMA,6,78.33596093836856,1700.0,1700.9116990972263,1700.0,-0.9116990972263466,0.0005362935866037,0.0,0.0,1716.6505847190467,1724.699951171875,8.04936645282828,0.0046671111965643,24.699951171875,0.0143213033403823,1685.6300006389386,1692.5999755859375,6.969974946998946,0.0041179103435743,-7.4000244140625,0.0043719866009691,1700.575862116673,1721.5,20.92413788332692,0.0121545965049822,21.5,0.0124891083357537,1,1,1
2026-09-22,2026-09-23,GLENMARK,7,78.26770297488122,2461.39990234375,2463.8892998364267,2472.0,8.110700163573256,0.003281027574261,10.60009765625,0.0042880653949231,2484.5247566714147,2482.60009765625,-1.924659015164707,0.0007752593810745,21.2001953125,0.0085395128005168,2440.6248604862067,2453.60009765625,12.975237170043329,0.005288244478975,-7.7998046875,0.0031789225534147,2461.43981112616,2475.0,13.56018887384016,0.0054788641914505,13.60009765625,0.0054949889520202,1,1,1
2026-09-22,2026-09-23,PAYTM,8,77.6426711546653,1814.4000244140625,1817.0471419373507,1814.4000244140625,-2.647117523288216,0.0014589492326219,0.0,0.0,1834.823354631675,1819.9000244140625,-14.923330217612602,0.0082000824316804,5.5,0.0030221440333079,1794.0850891345344,1763.300048828125,-30.785040306409428,0.017458764506284,-51.0999755859375,0.0289797392224302,1814.3369520075016,1775.0,-39.33695200750162,0.0221616631028178,-39.4000244140625,0.0221971968529929,-1,-1,1
2026-09-22,2026-09-23,LAURUSLABS,9,77.63003332684644,2006.5,2007.4571950019392,2009.5,2.042804998060774,0.0010165737736057,3.0,0.0014929086837521,2027.392355225351,2037.199951171875,9.807595946524089,0.0048142529852714,30.699951171875,0.0150696799075688,1988.770727135428,1999.699951171875,10.929224036447067,0.0054654319664518,-6.800048828125,0.0034005345772699,2006.3388511561127,2034.0,27.66114884388685,0.0135993848790004,27.5,0.013520157325467,-1,1,0
2026-09-22,2026-09-23,NTPCGREEN,10,76.72803848381669,93.30999755859376,93.73306034150396,93.77999877929688,0.0469384377929174,0.0005005165110247,0.4700012207031108,0.0050117426617718,94.55169968013811,95.8000030517578,1.2483033716196985,0.0130303061780204,2.4900054931640483,0.025991705781249,92.34624095845264,93.7699966430664,1.4237556846137664,0.01518348870197,0.459999084472642,0.0049056105464482,93.20495299047796,95.41999816894533,2.2150451784673493,0.0232136367739759,2.1100006103515483,0.0221127714403819,-1,1,0
2026-09-23,2026-09-24,LICHSGFIN,1,84.1603726426265,572.5,573.6650285183642,569.7999877929688,-3.865040725395488,0.0067831534015402,-2.70001220703125,0.0047385262633811,580.5579428447007,571.9000244140625,-8.657918430638233,0.0151388670415054,-0.5999755859375,0.0010490917298914,566.0588314264609,563.7999877929688,-2.25884363349212,0.0040064627215309,-8.70001220703125,0.0154310258875457,572.7851753284741,564.25,-8.53517532847411,0.015126584543153,-8.25,0.0146211785556047,1,-1,0
2026-09-23,2026-09-24,MCX,2,83.73443042486724,3374.0,3384.294075391176,3365.0,-19.29407539117574,0.0057337519736034,-9.0,0.0026745913818722,3426.312757510824,3477.0,50.68724248917624,0.0145778666923141,103.0,0.0296232384239286,3329.044904525561,3351.10009765625,22.05519313068908,0.0065814784661653,-22.89990234375,0.0068335476937159,3375.55689439367,3427.699951171875,52.14305677820494,0.0152122582259214,53.699951171875,0.0156664678754964,1,1,1
2026-09-23,2026-09-24,AUROPHARMA,3,83.61989847002384,1721.5,1724.359050192132,1719.699951171875,-4.659099020256917,0.0027092511208609,-1.800048828125,0.0010467226139643,1740.151573211462,1740.0,-0.1515732114619368,8.711104107007863e-05,18.5,0.0106321839080459,1705.0273605146729,1710.0,4.972639485327136,0.0029079763072088,-11.5,0.0067251461988304,1722.3282507573626,1716.0,-6.328250757362639,0.0036877918166448,-5.5,0.0032051282051282,1,-1,0
2026-09-23,2026-09-24,JSWINFRA,4,82.02274771283648,363.6000061035156,364.08736490857217,361.9500122070313,-2.1373527015409195,0.0059051046538392,-1.649993896484375,0.0045586236796162,368.9826061340964,369.9500122070313,0.967406072934864,0.0026149642952126,6.350006103515625,0.0171644976185648,358.8004942738613,358.0,-0.8004942738613181,0.0022360175247522,-5.600006103515625,0.0156424751494849,363.5231737674365,360.7000122070313,-2.8231615604052536,0.0078268962153093,-2.899993896484375,0.0080399051797643,-1,-1,1
2026-09-23,2026-09-24,MOTILALOFS,5,80.58613247822338,1042.5,1045.8254449419085,1039.0999755859375,-6.725469355970972,0.0064723987238846,-3.4000244140625,0.0032720859339307,1058.8786438830762,1044.9000244140625,-13.978619469013664,0.0133779492223213,2.4000244140625,0.002296893825233,1028.421113200315,1014.0,-14.421113200314949,0.0142220051285157,-28.5,0.0281065088757396,1042.8943658701255,1022.0,-20.89436587012551,0.0204445850001228,-20.5,0.0200587084148727,1,-1,0
2026-09-23,2026-09-24,LAURUSLABS,6,80.0756934396359,2034.0,2037.5542973163424,2021.0999755859373,-16.4543217304049,0.0081412705601733,-12.9000244140625,0.0063826750630297,2057.659945774577,2055.300048828125,-2.359896946451954,0.0011482006959506,21.300048828125,0.0103634741021242,2012.7624078825509,2020.0,7.2375921174491396,0.0035829663947768,-14.0,0.0069306930693069,2034.878644898307,2026.199951171875,-8.678693726431902,0.0042832365687367,-7.800048828125,0.0038495948159577,1,-1,0
2026-09-23,2026-09-24,IDFCFIRSTB,7,80.0610732168551,87.9000015258789,88.28125598627406,84.5,-3.781255986274061,0.0447485915535391,-3.4000015258789062,0.040236704448271,89.19568080496008,85.48999786376953,-3.7056829411905454,0.0433463917860384,-2.410003662109375,0.0281904751705547,87.00185988377498,83.30000305175781,-3.701856832017171,0.0444400563793143,-4.599998474121094,0.0552220684945584,87.94909360411924,83.76000213623047,-4.1890914678887725,0.0500130296209338,-4.1399993896484375,0.049426925549918,1,-1,0
2026-09-23,2026-09-24,NTPCGREEN,8,78.5573186838611,95.41999816894533,95.75110677697305,94.5999984741211,-1.1511083028519522,0.0121681640741976,-0.819999694824233,0.0086680730237913,96.62773923191644,95.9800033569336,-0.6477358749828426,0.0067486544314238,0.560005187988267,0.0058346027130849,94.58234444072824,93.36000061035156,-1.2223438303766727,0.0130928001540859,-2.059997558593764,0.0220650979555087,95.4548413254514,95.43000030517578,-0.0248410202756161,0.0002603061950767,0.0100021362304545,0.0001048112354445,1,1,1
2026-09-23,2026-09-24,PATANJALI,9,78.5477335083645,409.4500122070313,410.0686236576372,405.0,-5.068623657637204,0.012515120142314,-4.450012207031307,0.0109876844618056,414.9383678066509,409.8999938964844,-5.038373910166513,0.012291715016319,0.4499816894530681,0.0010977840842971,403.7435312546114,402.6000061035156,-1.143525151095787,0.0028403505557865,-6.850006103515682,0.0170144212609734,409.1646677722601,404.8500061035156,-4.314661668744463,0.0106574326384998,-4.600006103515682,0.0113622478304706,-1,-1,1
2026-09-23,2026-09-24,APARINDS,10,78.13310961531258,17876.0,17931.383349390864,17876.0,-55.38334939086417,0.0030981958710485,0.0,0.0,18225.075244571264,18143.0,-82.0752445712642,0.0045237967574967,267.0,0.0147164195557515,17569.671841177784,17705.0,135.3281588222162,0.0076434995098681,-171.0,0.0096582886190341,17873.93932236538,17804.0,-69.93932236537876,0.0039282926513917,-72.0,0.0040440350483037,-1,-1,1
2026-09-24,2026-09-25,MCX,1,90.30082547892351,3427.699951171875,3438.0231191234534,3463.60009765625,25.5769785327966,0.0073845068170843,35.900146484375,0.0103649802148544,3481.870415749949,3481.39990234375,-0.4705134061991884,0.000135150634629,53.699951171875,0.0154248154989959,3382.011957678464,3310.0,-72.01195767846411,0.0217558784527081,-117.699951171875,0.0355588976350075,3429.05550931582,3324.89990234375,-104.15560697207002,0.0313259376315809,-102.800048828125,0.0309182386981515,1,-1,0
2026-09-24,2026-09-25,PATANJALI,2,86.08149176007043,404.8500061035156,405.06620001547566,404.8500061035156,-0.2161939119600333,0.0005340099016937,0.0,0.0,410.0564756263014,407.8999938964844,-2.156481729817017,0.0052867902968497,3.04998779296875,0.0074772930586087,400.15523707519066,401.5499877929688,1.394750717778095,0.0034734174079895,-3.300018310546875,0.0082182005002283,404.492332471419,403.9500122070313,-0.5423202643877403,0.0013425430077962,-0.899993896484375,0.0022279833377579,-1,-1,1
2026-09-24,2026-09-25,JSWINFRA,3,84.9126646072483,360.7000122070313,361.3924164198722,360.6499938964844,-0.7424225233878019,0.0020585679632671,-0.0500183105469318,0.0001386893425576,366.6246591809932,366.0,-0.6246591809932056,0.0017067190737519,5.299987792968693,0.0144808409643953,355.62030243455024,360.25,4.62969756544976,0.0128513464689792,-0.4500122070313068,0.0012491664317315,360.5857255060053,362.0499877929688,1.4642622869634463,0.004044364967085,1.3499755859374432,0.0037286994377953,-1,1,0
2026-09-24,2026-09-25,AUROPHARMA,4,80.86929427170189,1716.0,1717.4254181148697,1716.0,-1.4254181148696716,0.0008306632371035,0.0,0.0,1734.1179857125337,1727.9000244140625,-6.217961298471209,0.0035985654323835,11.9000244140625,0.0068869866577482,1700.5321372222202,1699.5,-1.0321372222201717,0.0006073181654722,-16.5,0.0097087378640776,1716.4938992750292,1712.0,-4.493899275029207,0.0026249411653207,-4.0,0.0023364485981308,1,-1,0
2026-09-24,2026-09-25,IPCALAB,5,80.015979740732,1997.0999755859373,2001.553570750977,2020.0,18.44642924902292,0.0091318956678331,22.900024414062727,0.011336645749536,2020.010234105148,2020.0,-0.0102341051479015,5.066388687079987e-06,22.900024414062727,0.011336645749536,1977.438595814022,1950.0,-27.438595814021937,0.0140710747764215,-47.09997558593727,0.0241538336338139,1997.909137077186,1970.800048828125,-27.10908824906096,0.0137553722231641,-26.29992675781228,0.0133447970906286,1,-1,0
2026-09-24,2026-09-25,LAURUSLABS,6,79.29669999351312,2026.199951171875,2027.9406544845947,2026.0,-1.9406544845946885,0.0009578748690003,-0.199951171875,9.869258236673248e-05,2049.1683821154984,2040.0,-9.168382115498389,0.0044943049585776,13.800048828125,0.0067647298177083,2006.6092921937304,1979.199951171875,-27.409341021855425,0.0138486973009606,-47.0,0.0237469690579628,2026.2056105864408,2007.0,-19.2056105864408,0.0095693126987746,-19.199951171875,0.0095664928609242,1,-1,0
2026-09-24,2026-09-25,NTPCGREEN,7,78.99470515048336,95.43000030517578,95.56574504527818,95.43000030517578,-0.1357447401023961,0.0014224535226689,0.0,0.0,96.69889005194156,95.43000030517578,-1.2688897467657796,0.0132965497506863,0.0,0.0,94.43753352678684,92.5,-1.9375335267868363,0.0209463083976955,-2.930000305175781,0.0316756789748733,95.37741923714948,93.47000122070312,-1.907418016446357,0.0204067400399677,-1.959999084472656,0.0209692848922155,-1,-1,1
2026-09-24,2026-09-25,LICHSGFIN,8,78.35619847005675,564.25,564.6638804215763,564.75,0.086119578423677,0.0001524915067262,0.5,0.0008853474988933,571.079478952159,569.5499877929688,-1.5294911591902292,0.0026854379632542,5.29998779296875,0.0093055709008202,558.4651527641132,558.5999755859375,0.1348228218242866,0.0002413584456083,-5.6500244140625,0.0101146162925194,564.2550570296627,566.0,1.7449429703373198,0.0030829381101366,1.75,0.0030918727915194,1,1,1
2026-09-24,2026-09-25,MEDANTA,9,77.2010902378105,1506.199951171875,1508.3553496770962,1506.0,-2.3553496770962283,0.0015639772092272,-0.199951171875,0.0001327697024402,1527.1148884011875,1509.699951171875,-17.4149372293125,0.0115353631798123,3.5,0.0023183414673115,1488.3605877573175,1479.9000244140625,-8.46056334325499,0.0057169830418813,-26.2999267578125,0.0177714212608554,1506.696517013306,1495.4000244140625,-11.296492599243493,0.0075541610370574,-10.7999267578125,0.0072220988240549,1,-1,0
2026-09-24,2026-09-25,LGEINDIA,10,76.53632683021371,1697.699951171875,1699.610306455063,1711.0,11.389693544937018,0.0066567466656557,13.300048828125,0.007773260565824,1717.0689527595162,1734.199951171875,17.13099841235885,0.0098783294283814,36.5,0.0210471693159346,1678.7530328612554,1687.199951171875,8.446918310619594,0.005006471405332,-10.5,0.0062233287718548,1697.8230855981922,1725.4000244140625,27.57693881587033,0.0159829247859407,27.7000732421875,0.0160542905124823,1,1,1
2026-09-25,2026-09-28,PHOENIXLTD,1,84.54326692071467,1978.4000244140625,1981.7039251839085,1973.0999755859373,-8.603949597970995,0.0043606252619895,-5.300048828125,0.0026861532074932,2006.926084577197,1973.0999755859373,-33.826108991259616,0.0171436366174068,-5.300048828125,0.0026861532074932,1952.3112984838808,1940.0999755859373,-12.21132289794332,0.006294171976501,-38.300048828125,0.0197412758672695,1978.8806470445409,1952.199951171875,-26.680695872665865,0.013666989314619,-26.2000732421875,0.013420793923522,1,-1,0
2026-09-25,2026-09-28,OBEROIRLTY,2,84.365131889957,1858.5,1861.8806208540675,1854.9000244140625,-6.980596440005002,0.0037633275907741,-3.5999755859375,0.0019407922467814,1881.563555140736,1855.0,-26.563555140735616,0.0143199758171081,-3.5,0.0018867924528301,1837.65545436996,1821.0999755859373,-16.555478784022398,0.0090909225226339,-37.4000244140625,0.020537051735465,1859.125066585915,1830.0,-29.125066585914965,0.0159153369321939,-28.5,0.0155737704918032,1,-1,0
2026-09-25,2026-09-28,PATANJALI,3,83.64131448712206,403.9500122070313,404.0990232676307,400.5,-3.5990232676306846,0.0089863252624985,-3.450012207031307,0.0086142626892167,409.10048274780326,403.0499877929688,-6.050494954834505,0.0150117730755084,-0.9000244140625568,0.0022330342173955,399.1291336165213,385.2000122070313,-13.929121409490053,0.0361607501767254,-18.750000000000057,0.048676010918511,403.6107043354075,390.7999877929688,-12.81071654243874,0.032780749597222,-13.150024414062557,0.0336489888045466,-1,-1,1
2026-09-25,2026-09-28,MCX,4,83.42721738149874,3324.89990234375,3330.4682464296816,3310.0,-20.468246429681585,0.006183760250659,-14.89990234375,0.0045014810706193,3379.7061658842727,3321.0,-58.70616588427265,0.0176772556110426,-3.89990234375,0.0011743156711081,3273.790357492434,3251.699951171875,-22.09040632055894,0.0067934946804048,-73.199951171875,0.0225112871024568,3325.494389471202,3263.5,-61.994389471201885,0.0189962890979628,-61.39990234375,0.0188141266565803,1,-1,0
2026-09-25,2026-09-28,JSWINFRA,5,82.97103446850585,362.0499877929688,362.6830092393922,362.9500122070313,0.26700296763903,0.0007356466694006,0.9000244140624432,0.0024797475789835,367.1759602124473,363.3500061035156,-3.825954108931682,0.0105296657345911,1.3000183105468182,0.003577867864894,357.95044046533496,347.0,-10.950440465334964,0.0315574653179681,-15.049987792968809,0.0433717227463078,362.130114185993,348.75,-13.380114185993024,0.0383659188128832,-13.299987792968809,0.0381361657146058,1,-1,0
2026-09-25,2026-09-28,MAHABANK,6,82.9467977058392,84.87999725341797,85.10142436535403,84.5,-0.6014243653540348,0.0071174481106986,-0.3799972534179687,0.0044970089161889,86.03970318784323,84.5,-1.53970318784323,0.0182213395011033,-0.3799972534179687,0.0044970089161889,83.91946175844768,80.48999786376953,-3.4294638946781504,0.0426073299254221,-4.3899993896484375,0.0545409306269155,84.92964604586386,80.8499984741211,-4.079647571742768,0.0504594638062807,-4.029998779296875,0.0498453785448965,1,-1,0
2026-09-25,2026-09-28,LGEINDIA,7,81.73116327739916,1725.4000244140625,1730.0934150560045,1739.9000244140625,9.80660935805804,0.0056363062362508,14.5,0.0083338121711235,1746.3276963228973,1741.5,-4.827696322897282,0.0027721483335614,16.0999755859375,0.0092448897995621,1706.5430466104506,1713.300048828125,6.757002217674426,0.0039438522296757,-12.0999755859375,0.007062379759,1725.814535723105,1730.699951171875,4.885415448769891,0.0028227974730466,5.2999267578125,0.0030623024830062,1,1,1
2026-09-25,2026-09-28,LICHSGFIN,8,80.92800298133494,566.0,566.5736166869457,568.0,1.4263833130543162,0.0025112382272083,2.0,0.0035211267605633,572.8106647164202,574.7000122070312,1.889347490611044,0.0032875368896467,8.70001220703125,0.0151383539624793,560.0742905915034,562.5,2.425709408496573,0.0043123722817716,-3.5,0.0062222222222222,566.1372640331962,564.1500244140625,-1.9872396191336748,0.0035225375044477,-1.8499755859375,0.0032792262800288,1,-1,0
2026-09-25,2026-09-28,LAURUSLABS,9,79.83718964044925,2007.0,2008.6121608346675,2000.0,-8.61216083466752,0.0043060804173337,-7.0,0.0035,2032.5344429227143,2012.300048828125,-20.234394094589334,0.0100553563601874,5.300048828125,0.0026338263179049,1983.9726904099173,1984.800048828125,0.8273584182077229,0.0004168472379352,-22.199951171875,0.0111849811697568,2007.814736192364,2010.699951171875,2.88521497951092,0.0014349306458327,3.699951171875,0.001840130930385,1,1,1
2026-09-25,2026-09-28,JSL,10,79.0844985809919,748.25,749.8850401252006,752.75,2.8649598747994105,0.0038059911986707,4.5,0.0059780803719694,758.7860767092211,756.0,-2.7860767092211063,0.0036852866524088,7.75,0.0102513227513227,740.0391244238799,738.5,-1.5391244238799118,0.0020841224426268,-9.75,0.0132024373730534,748.700963397819,745.7000122070312,-3.0009511907877595,0.0040243410777289,-2.54998779296875,0.0034195893136994,1,-1,0
2026-09-28,2026-09-29,LGEINDIA,1,83.3644966107325,1730.699951171875,1732.7571123630823,1724.0,-8.757112363082342,0.0050795315331104,-6.699951171875,0.003886282582294,1749.4696149254066,1743.9000244140625,-5.569590511344131,0.0031937556243887,13.2000732421875,0.00756928324869,1713.6363016471182,1704.0999755859375,-9.536326061180716,0.0055961071520476,-26.5999755859375,0.0156093984901275,1731.1695251305637,1740.0999755859375,8.93045045537383,0.0051321479114248,9.4000244140625,0.0054020024975273,1,1,1
2026-09-28,2026-09-29,LICHSGFIN,2,81.9946696480016,564.1500244140625,564.7705442717261,564.5499877929688,-0.2205564787573166,0.0003906766159353,0.39996337890625,0.0007084640643955,571.0327087140755,566.75,-4.282708714075511,0.0075566099939576,2.5999755859375,0.0045875175755403,558.1992060905037,556.0,-2.199206090503708,0.0039554066375965,-8.1500244140625,0.0146583172914793,564.3207669247574,558.0,-6.320766924757436,0.0113275392916799,-6.1500244140625,0.0110215491291442,1,-1,0
2026-09-28,2026-09-29,PATANJALI,3,81.64131448712205,390.7999877929688,391.0611790633818,390.0,-1.0611790633818146,0.0027209719573892,-0.7999877929688068,0.002051250751202,397.191308681843,391.6000061035156,-5.591302578327372,0.0142780962491848,0.8000183105468182,0.0020429476457549,384.845956600003,368.8999938964844,-15.945962703518603,0.0432257060649156,-21.899993896484432,0.0593656661936126,391.00565848952647,370.6499938964844,-20.355664593042093,0.0549188315883988,-20.149993896484432,0.0543639396419683,1,-1,0
2026-09-28,2026-09-29,CRISIL,4,81.32743338957508,4650.60009765625,4659.917090202081,4640.2001953125,-19.716894889581454,0.0042491474634002,-10.39990234375,0.0022412615632954,4722.542223121728,4640.2001953125,-82.34202780922806,0.0177453610498119,-10.39990234375,0.0022412615632954,4585.575348472537,4437.10009765625,-148.47525081628737,0.0334622270285753,-213.5,0.0481170123055763,4650.0461281518565,4473.2001953125,-176.84593283935646,0.0395345446476271,-177.39990234375,0.039658386523735,-1,-1,1
2026-09-28,2026-09-29,PETRONET,5,79.48310367341828,289.8500061035156,290.4339822310332,284.70001220703125,-5.733970024001962,0.0201403926173079,-5.149993896484375,0.0180891945053354,293.093418683575,288.5,-4.59341868357501,0.0159217285392548,-1.350006103515625,0.0046793972392222,287.2158321500411,281.75,-5.465832150041081,0.01939958172153,-8.100006103515625,0.0287489125235692,289.86030562744,283.3999938964844,-6.460311730955652,0.0227957370151368,-6.45001220703125,0.0227593943046703,1,-1,0
2026-09-28,2026-09-29,OBEROIRLTY,6,79.265131889957,1830.0,1831.5827798854043,1825.0,-6.582779885404307,0.0036070026769338,-5.0,0.0027397260273972,1850.695231921097,1826.5999755859373,-24.095256335159547,0.0131913153712981,-3.4000244140625,0.0018613951929851,1810.1770890697808,1761.5,-48.67708906978078,0.0276338853646215,-68.5,0.0388873119500425,1829.457639189357,1765.699951171875,-63.757688017482,0.03610901612993,-64.300048828125,0.0364161808949758,-1,-1,1
2026-09-28,2026-09-29,JSL,7,78.7844985809919,745.7000122070312,746.9452455225495,746.9000244140625,-0.0452211084869986,6.054506226917625e-05,1.20001220703125,0.0016066570729766,756.1173134222165,750.0,-6.117313422216512,0.0081564178962886,4.29998779296875,0.0057333170572916,737.3612069695115,734.2000122070312,-3.1611947624802497,0.0043056315852918,-11.5,0.0156633067403943,746.1041276783122,737.0,-9.104127678312238,0.0123529547873978,-8.70001220703125,0.0118046298602866,1,-1,0
2026-09-28,2026-09-29,LAURUSLABS,8,78.5705229737826,2010.699951171875,2012.6688637565824,2020.699951171875,8.031087415292632,0.0039744086748926,10.0,0.0049487802452811,2031.018708348505,2024.9000244140625,-6.118683934442515,0.0030217214976887,14.2000732421875,0.0070127280710051,1992.446880693536,1985.699951171875,-6.746929521660604,0.0033977588193416,-25.0,0.0125900189428146,2011.0186370656745,1994.5,-16.51863706567451,0.0082820942921406,-16.199951171875,0.0081223119437829,1,-1,0
2026-09-28,2026-09-29,IREDA,9,77.9444324796136,114.81999969482422,115.21662053058942,114.81999969482422,-0.396620835765205,0.0034542835465891,0.0,0.0,116.60005800437402,116.54000091552734,-0.0600570888466762,0.0005153345492952,1.720001220703125,0.0147588914294744,113.36731940775114,111.0199966430664,-2.347322764684733,0.0211432429801945,-3.800003051757813,0.0342280955382746,114.81717451758716,111.1999969482422,-3.617177569344975,0.0325285761566035,-3.6200027465820312,0.0325539824274181,-1,-1,1
2026-09-28,2026-09-29,PHOENIXLTD,10,77.10993358738133,1952.199951171875,1953.5351660433728,1946.300048828125,-7.235117215247783,0.0037173698986464,-5.89990234375,0.0030313426479654,1973.2723492755028,1957.300048828125,-15.972300447377847,0.0081603740095652,5.10009765625,0.0026056800332189,1931.1826541465416,1916.699951171875,-14.482702974666608,0.0075560616390749,-35.5,0.0185214174906694,1951.4441784320384,1928.5999755859373,-22.84420284610087,0.0118449668854529,-23.5999755859375,0.0122368432462348,-1,-1,1
2026-09-29,2026-09-30,GESHIP,1,92.02216264338752,1545.0,1547.772113600655,1538.0,-9.772113600655077,0.0063537799744181,-7.0,0.0045513654096228,1566.416161030547,1583.0,16.583838969452927,0.0104762090773549,38.0,0.0240050536955148,1525.2278168394585,1538.0,12.772183160541545,0.0083044103774652,-7.0,0.0045513654096228,1544.58449002313,1560.0,15.415509976869998,0.0098817371646602,15.0,0.0096153846153846,-1,1,0
2026-09-29,2026-09-30,SUNTV,2,90.15361630024114,554.9500122070312,557.9196868473232,555.0,-2.919686847323192,0.0052606970222039,0.04998779296875,9.006809543918919e-05,570.5559664010359,663.9000244140625,93.3440580130266,0.1405995700864888,108.95001220703124,0.1641060524183398,543.4288404839442,554.0499877929688,10.621147309024536,0.0191700163216921,-0.9000244140625,0.0016244462302899,554.8208905035914,605.0,50.17910949640861,0.0829406768535679,50.04998779296875,0.0827272525503615,-1,1,0
2026-09-29,2026-09-30,CASTROLIND,3,88.38169605672446,198.3600006103516,198.6086754779548,199.8300018310547,1.2213263530998972,0.0061118267622919,1.4700012207030966,0.0073562588561946,200.46387416909351,202.75,2.286125830906485,0.0112755897948531,4.389999389648409,0.0216522781240365,196.5772770118539,199.8300018310547,3.252724819200779,0.0162774597877989,1.4700012207030966,0.0073562588561946,198.36989781619616,200.5200042724609,2.15010645626478,0.0107226531540627,2.1600036621093466,0.0107720108522159,1,1,1
2026-09-29,2026-09-30,MANKIND,4,85.03239335913105,2549.89990234375,2557.687890658942,2545.0,-12.687890658941797,0.0049854187264997,-4.89990234375,0.0019253054395874,2589.8077800333263,2552.0,-37.80778003332625,0.0148149608281058,2.10009765625,0.0008229222790948,2517.9557980502977,2455.0,-62.955798050297744,0.0256439095927893,-94.89990234375,0.0386557647021384,2549.8236639324946,2503.800048828125,-46.02361510436958,0.0183815057939272,-46.099853515625,0.0184119548752311,-1,-1,1
2026-09-29,2026-09-30,ACUTAAS,5,84.52039153267016,3300.300048828125,3310.4793156433534,3334.10009765625,23.6207820128966,0.0070846049371766,33.800048828125,0.0101376826844176,3358.7616233936246,3344.0,-14.761623393624632,0.0044143610626867,43.699951171875,0.0130681672164697,3253.5187068394303,3255.0,1.4812931605697486,0.0004550823841996,-45.300048828125,0.0139170656922043,3301.685855396959,3279.39990234375,-22.28595305320914,0.0067957412077989,-20.900146484375,0.0063731618914295,1,-1,0
2026-09-29,2026-09-30,ICICIAMC,6,84.15453101614553,3220.800048828125,3225.779170593078,3249.0,23.220829406921894,0.0071470696851098,28.199951171875,0.0086795786924823,3262.2988492977943,3249.0,-13.298849297794275,0.004093213080269,28.199951171875,0.0086795786924823,3185.681835825441,3107.39990234375,-78.28193348169088,0.0251921014165723,-113.400146484375,0.03649357985718,3220.880794174495,3136.699951171875,-84.1808430026199,0.0268373909883123,-84.10009765625,0.0268116488556165,1,-1,0
2026-09-29,2026-09-30,KIRLOSENG,7,83.6485098214147,2420.800048828125,2429.5706577301235,2358.0,-71.57065773012346,0.0303522721501795,-62.800048828125,0.0266327603172709,2502.8824939453866,2360.0,-142.8824939453866,0.0605434296378756,-60.800048828125,0.0257627325542902,2362.531783772487,2241.300048828125,-121.23173494436196,0.0540899175939199,-179.5,0.0800874475034489,2421.496563108052,2304.199951171875,-117.2966119361772,0.0509055700120652,-116.60009765625,0.0506032897001622,1,-1,0
2026-09-29,2026-09-30,WELCORP,8,82.85170363243623,2810.0,2823.366621912994,2802.0,-21.366621912994106,0.0076254896191984,-8.0,0.0028551034975017,2882.9634545427416,2835.800048828125,-47.1634057146166,0.0166314284866828,25.800048828125,0.0090979788362676,2754.445233576653,2700.89990234375,-53.54533123290321,0.0198249965452027,-109.10009765625,0.0403939803772722,2811.1059978484354,2717.0,-94.10599784843544,0.0346359947914742,-93.0,0.034228928965771,1,-1,0
2026-09-29,2026-09-30,SONACOMS,9,82.30158171001166,825.0499877929688,827.490831645442,821.9500122070312,-5.540819438410722,0.0067410661915229,-3.0999755859375,0.0037714891902169,836.9141498907888,837.0,0.085850109211151,0.0001025688282092,11.95001220703125,0.0142771949904793,814.9208237493785,816.4000244140625,1.4792006646839582,0.0018118576928578,-8.64996337890625,0.0105952512496731,825.2844886548148,830.0,4.715511345185178,0.0056813389701026,4.95001220703125,0.0059638701289533,1,1,1
2026-09-29,2026-09-30,ZYDUSLIFE,10,81.94681266219776,1214.0999755859375,1215.3531834767946,1204.800048828125,-10.553134648669584,0.0087592415512717,-9.2999267578125,0.0077190624011496,1226.9569100872518,1210.5,-16.4569100872518,0.0135951343141278,-3.5999755859375,0.0029739575265902,1202.307323174635,1149.0999755859375,-53.20734758869753,0.0463034972753929,-65.0,0.0565660093821304,1214.046559497713,1162.0,-52.046559497712906,0.0447904987071539,-52.0999755859375,0.0448364678020116,-1,-1,1
2026-09-30,2026-10-01,SUNTV,1,90.87486214144296,605.0,605.3864286447471,588.0,-17.38642864474707,0.0295687561985494,-17.0,0.0289115646258503,626.9197547042169,610.0,-16.91975470421687,0.0277373027937981,5.0,0.0081967213114754,582.7597148383642,574.1500244140625,-8.609690424301675,0.0149955413362354,-30.8499755859375,0.053731558432695,598.0306526273417,599.9000244140625,1.8693717867207624,0.0031161388742176,-5.0999755859375,0.0085013758599506,-1,-1,1
2026-09-30,2026-10-01,CUPID,2,87.72690752310683,311.6499938964844,313.54000248061647,313.5,-0.0400024806164651,0.0001275996191912,1.850006103515625,0.0059011358963815,322.312768746176,314.29998779296875,-8.012780953207255,0.0254940542933947,2.649993896484375,0.0084314158428473,305.3766078440094,308.5,3.1233921559905866,0.0101244478314119,-3.149993896484375,0.0102106771360919,312.115865269182,312.5,0.3841347308180047,0.0012292311386176,0.850006103515625,0.00272001953125,1,1,1
2026-09-30,2026-10-01,GESHIP,3,87.15207904364401,1560.0,1562.9824108577538,1548.0,-14.982410857753848,0.0096785599856291,-12.0,0.0077519379844961,1579.7122936562278,1554.199951171875,-25.51234248435276,0.0164150966966099,-5.800048828125,0.0037318549802756,1541.6301300759214,1518.0,-23.630130075921443,0.0155666206033738,-42.0,0.0276679841897233,1559.7941119521347,1530.5999755859375,-29.1941363661972,0.0190736553193927,-29.4000244140625,0.0192081699222605,-1,-1,1
2026-09-30,2026-10-01,MTARTECH,4,85.18917726317665,7797.0,8032.0239009973375,8186.5,154.47609900266252,0.0188696144875908,389.5,0.0475783301777316,8134.02201117873,8186.5,52.47798882126972,0.0064103082906333,389.5,0.0475783301777316,7876.691308184942,7525.5,-351.1913081849416,0.0466668405002912,-271.5,0.0360773370540163,8012.738609582629,7797.0,-215.73860958262867,0.0276694381919492,0.0,0.0,1,0,0
2026-09-30,2026-10-01,CASTROLIND,5,85.1676695755797,200.5200042724609,200.70412085946444,200.3099975585937,-0.3941233008706888,0.0019675667998318,-0.210006713867159,0.0010484085488829,202.40386387914404,201.08999633789065,-1.3138675412534155,0.0065337290028377,0.5699920654297159,0.0028345122870854,198.9215997564964,196.5,-2.421599756496392,0.0123236628829332,-4.020004272460909,0.0204580370099791,200.52244494251968,199.0399932861328,-1.4824516563868713,0.0074480089750392,-1.4800109863280966,0.007435746765729,1,-1,0
2026-09-30,2026-10-01,AZAD,6,85.03821023938755,2963.199951171875,2971.5789535162667,2982.0,10.421046483733337,0.0034946500616141,18.800048828125,0.0063045100027246,3035.331616466726,2982.0,-53.33161646672579,0.0178845125642943,18.800048828125,0.0063045100027246,2898.340113537105,2825.10009765625,-73.24001588085503,0.0259247507518817,-138.099853515625,0.0488831718317502,2961.9903328311084,2860.89990234375,-101.0904304873584,0.0353351861085882,-102.300048828125,0.0357579965465821,-1,-1,1
2026-09-30,2026-10-01,AJANTPHARM,7,84.98171473019669,3620.800048828125,3632.2023032608704,3588.0,-44.2023032608704,0.0123194825141779,-32.800048828125,0.009141596663357,3676.759036774549,3602.39990234375,-74.3591344307988,0.0206415546431755,-18.400146484375,0.0051077467752549,3578.329042776288,3489.60009765625,-88.72894512003813,0.0254266800312253,-131.199951171875,0.0375974173258402,3622.906915985405,3581.0,-41.9069159854048,0.0117025735787223,-39.800048828125,0.0111142275420622,1,-1,0
2026-09-30,2026-10-01,SYRMA,8,84.5476155521485,1782.9000244140625,1791.062136092507,1782.9000244140625,-8.16211167844449,0.0045779974012434,0.0,0.0,1826.3123520665504,1822.5999755859373,-3.7123764806128734,0.0020368575278946,39.699951171875,0.0217820430723489,1750.8562201786272,1710.0999755859375,-40.75624459268965,0.0238326677823179,-72.800048828125,0.042570639066398,1784.712748871631,1717.9000244140625,-66.81272445756849,0.0388920912207081,-65.0,0.0378368933443435,1,-1,0
2026-09-30,2026-10-01,TEGA,9,84.28997788391318,2106.699951171875,2114.631193943667,2106.699951171875,-7.931242771791858,0.0037647709477469,0.0,0.0,2154.8924757653817,2132.0,-22.89247576538173,0.010737558989391,25.300048828125,0.0118668146473381,2067.1492895127712,2034.0,-33.14928951277125,0.0162975857978226,-72.699951171875,0.0357423555417281,2106.0678323849925,2093.39990234375,-12.667930041242473,0.0060513665005236,-13.300048828125,0.0063533244714659,-1,-1,1
2026-09-30,2026-10-01,MANKIND,10,83.27057393953774,2503.800048828125,2507.5181521294094,2500.0,-7.518152129409373,0.0030072608517637,-3.800048828125,0.00152001953125,2538.4833583068853,2535.0,-3.483358306885293,0.0013741058409803,31.199951171875,0.0123076730461045,2473.22468661158,2476.10009765625,2.8754110446702725,0.0011612660761945,-27.699951171875,0.0111869270544007,2502.944355783037,2535.0,32.055644216963174,0.0126452245431807,31.199951171875,0.0123076730461045,-1,1,0
2026-10-01,2026-10-05,SUNTV,1,89.72798085371662,599.9000244140625,601.1573932895243,597.0,-4.157393289524293,0.0069638078551495,-2.9000244140625,0.004857662335113,614.0056862800419,635.7999877929688,21.79430151292684,0.0342785497504972,35.89996337890625,0.0564642404343614,584.9371141056711,595.2000122070312,10.26289810136018,0.0172427719940811,-4.70001220703125,0.0078965257235183,597.609104471262,626.8499755859375,29.240871114675542,0.0466473195398039,26.949951171875,0.0429926652652159,-1,1,0
2026-10-01,2026-10-05,WELSPUNLIV,2,86.87691999218407,239.1699981689453,240.6520381820781,241.5,0.8479618179218846,0.0035112290597179,2.3300018310546875,0.0096480407083009,245.65999703703568,243.0,-2.65999703703568,0.0109464898643443,3.830001831054688,0.0157613244076324,235.0314137681124,228.009994506836,-7.021419261276463,0.0307943486269675,-11.160003662109377,0.0489452389411587,239.33889000313047,230.2700042724609,-9.068885730669535,0.0393837041838024,-8.899993896484375,0.0386502528829316,1,-1,0
2026-10-01,2026-10-05,MTARTECH,3,86.70829195130543,7797.0,7822.470037880886,7705.0,-117.47003788088568,0.0152459491084861,-92.0,0.0119402985074626,7985.290233134538,7800.0,-185.29023313453763,0.0237551580941714,3.0,0.0003846153846153,7646.676810937392,7595.0,-51.676810937391565,0.006804056739617,-202.0,0.0265964450296247,7794.791968103197,7654.0,-140.79196810319718,0.0183945607660304,-143.0,0.0186830415469035,-1,-1,1
2026-10-01,2026-10-05,STLTECH,4,86.5213402289862,955.3499755859376,963.9786434115048,952.4000244140624,-11.578618997442277,0.0121573064895348,-2.9499511718751137,0.003097386703334,990.89275191191,1003.0999755859376,12.207223674027546,0.0121694985257047,47.749999999999886,0.047602433617953,935.4494562913764,932.0,-3.4494562913763502,0.0037011333598458,-23.349975585937614,0.0250536218733236,964.6940233903772,1001.25,36.5559766096228,0.0365103386862649,45.90002441406239,0.0458427210127963,1,1,1
2026-10-01,2026-10-05,ENGINERSIN,5,85.3383385561571,312.75,313.8168371469128,316.3999938964844,2.583156749571572,0.0081642123874904,3.649993896484375,0.011536011273371,319.2456313341418,319.20001220703125,-0.0456191271105694,0.0001429170594172,6.45001220703125,0.020206804387112,307.5939922230382,306.8999938964844,-0.6939983265538103,0.0022613174987155,-5.850006103515625,0.0190616038444393,312.5983161597579,307.8500061035156,-4.748310056242303,0.0154241025242847,-4.899993896484375,0.0159168224763222,-1,-1,1
2026-10-01,2026-10-05,TDPOWERSYS,6,85.2931198002679,792.1500244140625,795.075332707802,801.0,5.924667292198024,0.0073965883797728,8.8499755859375,0.011048658659098,809.3884473784213,856.0999755859375,46.71152820751615,0.0545631696526396,63.949951171875,0.0746991624758614,778.4726734760328,796.0,17.52732652396719,0.0220192544270944,3.8499755859375,0.0048366527461526,792.1498423140447,812.9000244140625,20.75018210001781,0.0255261181902098,20.75,0.0255258941774009,-1,1,0
2026-10-01,2026-10-05,HFCL,7,84.98740114871015,238.3600006103516,240.12904832776653,237.9900054931641,-2.1390428346024635,0.0089879523729155,-0.3699951171875284,0.001554666618965,245.61589938242068,250.2700042724609,4.654104890040259,0.0185963352003362,11.910003662109348,0.0475886181275775,234.6096020479226,234.0,-0.609602047922607,0.0026051369569342,-4.360000610351591,0.0186324812408187,240.9484218040195,250.2700042724609,9.321582468441449,0.0372461034455145,11.910003662109348,0.0475886181275775,1,1,1
2026-10-01,2026-10-05,CASTROLIND,8,84.29241806652537,199.0399932861328,199.19026345778,199.0500030517578,-0.1402604060221506,0.0007046491025959,0.010009765625,5.0287693903713326e-05,201.14169458771923,201.5,0.3583054122807709,0.0017781906316663,2.4600067138671875,0.0122084700440058,197.1977111983953,197.75,0.5522888016047034,0.0027928637249289,-1.2899932861328125,0.0065233541650205,199.00217810421788,199.509994506836,0.5078164026180616,0.0025453181123748,0.470001220703125,0.0023557778238875,-1,1,0
2026-10-01,2026-10-05,GESHIP,9,83.94282351044481,1530.5999755859375,1531.7122764026144,1529.9000244140625,-1.8122519885519068,0.0011845558269377,-0.699951171875,0.0004575143216584,1549.58038634936,1570.5,20.91961365064003,0.0133203525314486,39.9000244140625,0.0254059372264008,1513.2429549290714,1523.300048828125,10.057093899053598,0.0066021752620506,-7.2999267578125,0.0047921791661651,1529.9261708735178,1559.300048828125,29.373877954607224,0.0188378612420892,28.7000732421875,0.0184057412579168,-1,1,0
2026-10-01,2026-10-05,CUPID,10,83.61221939433419,312.5,313.50335555033456,314.29998779296875,0.796632242634189,0.0025346238421076,1.79998779296875,0.005726973792167,318.8126583374611,316.0,-2.812658337461073,0.0089008175236109,3.5,0.0110759493670886,307.81646419387386,302.1000061035156,-5.716458090358231,0.0189224030945549,-10.399993896484377,0.034425665959506,312.63647198413383,310.1000061035156,-2.536465880618209,0.008179509289566,-2.399993896484375,0.007739419055939,1,-1,0
2026-10-05,2026-10-06,SUNTV,1,89.3122406984996,626.8499755859375,629.2608385166334,625.7999877929688,-3.460850723664634,0.0055302825042712,-1.04998779296875,0.0016778328754396,644.4827861549937,640.9500122070312,-3.5327739479624825,0.0055117776436228,14.10003662109375,0.0219986525509876,610.6098185804873,620.5999755859375,9.990157005450214,0.0160975787922293,-6.25,0.0100708995260579,625.6659372938741,632.0999755859375,6.434038292063406,0.0101788301543584,5.25,0.0083056481613267,-1,1,0
2026-10-05,2026-10-06,GESHIP,2,87.63197556563308,1559.300048828125,1562.8933082895571,1565.0,2.106691710442874,0.0013461288884619,5.699951171875,0.0036421413238817,1580.590718468841,1565.0999755859375,-15.490742882903533,0.009897605983352,5.7999267578125,0.0037057867537446,1540.744620386124,1523.4000244140625,-17.344595972061597,0.0113854507641436,-35.9000244140625,0.0235657239324717,1559.088062570576,1532.5999755859375,-26.488086984638585,0.0172831054460324,-26.7000732421875,0.0174214235074482,-1,-1,1
2026-10-05,2026-10-06,STLTECH,3,86.61888262622679,1001.25,1007.75631887167,1034.4000244140625,26.643705542392468,0.0257576420277878,33.1500244140625,0.0320475866508611,1033.9099237089183,1051.0999755859375,17.190051877019187,0.016354345234797,49.8499755859375,0.0474264834400253,978.882657968077,1006.2999877929688,27.417329824891794,0.0272456823586213,5.04998779296875,0.0050183721099355,1003.158315567218,1016.7000122070312,13.541696639813267,0.0133192647558026,15.45001220703125,0.0151962348987216,1,1,1
2026-10-05,2026-10-06,TDPOWERSYS,4,86.5305443475516,812.9000244140625,816.7451542469508,810.0,-6.745154246950847,0.0083273509221615,-2.9000244140625,0.0035802770543981,833.8566707796778,832.75,-1.1066707796777564,0.0013289351902464,19.8499755859375,0.0238366563625788,796.9777649441575,798.2999877929688,1.3222228488112933,0.0016562982200047,-14.60003662109375,0.0182889099891607,812.5895049429455,816.0,3.4104950570545043,0.0041795282561942,3.0999755859375,0.0037989896886488,-1,1,0
2026-10-05,2026-10-06,REDINGTON,5,86.31063094164719,412.75,414.5477369154905,414.0,-0.547736915490475,0.0013230360277547,1.25,0.0030193236714975,420.67314362477816,417.3999938964844,-3.273149728293788,0.0078417579687495,4.649993896484375,0.0111403784486819,407.1826577055666,404.0,-3.182657705566612,0.0078778656078381,-8.75,0.0216584158415841,413.2960639103188,405.7000122070313,-7.596051703287571,0.0187233213574843,-7.04998779296875,0.0173773418310155,1,-1,0
2026-10-05,2026-10-06,LGEINDIA,6,85.05722562428534,1770.9000244140625,1777.0873920284623,1775.0,-2.087392028462318,0.0011759955089928,4.0999755859375,0.0023098454005281,1801.887757700685,1789.5999755859375,-12.287782114747417,0.0068662171895282,18.699951171875,0.0104492352631779,1745.5033693491926,1750.0,4.496630650807447,0.0025695032290328,-20.9000244140625,0.01194287109375,1770.660609668947,1758.5999755859375,-12.060634083009518,0.0068580883944292,-12.300048828125,0.0069942277942013,-1,-1,1
2026-10-05,2026-10-06,CYIENT,7,84.98428715505601,1140.199951171875,1146.052657154808,1140.199951171875,-5.852705982933003,0.0051330523009737,0.0,0.0,1166.138768837941,1141.300048828125,-24.83872000981592,0.0217635318909519,1.10009765625,0.0009638987200426,1120.8985609582676,1097.199951171875,-23.69860978639258,0.0215991713826463,-43.0,0.0391906688968345,1140.248221282891,1119.4000244140625,-20.84819686882861,0.0186244384617923,-20.7999267578125,0.018581317048568,1,-1,0
2026-10-05,2026-10-06,HFCL,8,84.06321801494674,250.2700042724609,252.0183285371648,262.7799987792969,10.761670242132084,0.040953155841859,12.509994506835966,0.0476063420539964,257.5045709889569,262.7799987792969,5.275427790339961,0.0200754540484288,12.509994506835966,0.0476063420539964,245.8230530577712,256.0,10.176946942228795,0.0397536989930812,5.729995727539091,0.0223827958106995,251.9159799620053,262.7799987792969,10.864018817291566,0.0413426397281324,12.509994506835966,0.0476063420539964,1,1,1
2026-10-05,2026-10-06,CPPLUS,9,82.57940334798663,3989.5,4015.3783917548826,4082.10009765625,66.72170590136739,0.0163449460584457,92.60009765625,0.0226844260162597,4131.017388234003,4188.89990234375,57.88251410974681,0.0138180704860865,199.39990234375,0.0476019735473227,3934.502457016148,3942.5,7.997542983851872,0.0020285460960943,-47.0,0.0119213696892834,4018.468577838688,3976.0,-42.46857783868791,0.0106812318507766,-13.5,0.0033953722334004,1,-1,0
2026-10-05,2026-10-06,WELSPUNLIV,10,82.5602613051894,230.2700042724609,230.891260199856,231.0500030517578,0.1587428519018203,0.0006870497719329,0.7799987792969034,0.0033758873360506,235.4836975535348,240.72999572753903,5.2462981740042665,0.0217932881947212,10.459991455078152,0.0434511346351573,225.9750101058187,230.9900054931641,5.014995387345351,0.0217108760902374,0.7200012207031534,0.0031170232632617,230.25465511949145,237.8600006103516,7.605345490860117,0.0319740413324842,7.589996337890653,0.0319095111343421,-1,1,0
2026-10-06,2026-10-07,RRKABEL,1,88.14211532489573,2789.699951171875,2797.974747797391,2785.0,-12.974747797391046,0.0046587963365856,-4.699951171875,0.0016875946757181,2850.148443555395,2789.0,-61.148443555394806,0.0219248632324829,-0.699951171875,0.0002509685090982,2739.7988477038875,2683.300048828125,-56.49879887576253,0.0210557141756983,-106.39990234375,0.0396526293771052,2793.713744442618,2722.5,-71.21374444261801,0.0261574818889322,-67.199951171875,0.0246831776572543,1,-1,0
2026-10-06,2026-10-07,STLTECH,2,86.361147790449,1016.7000122070312,1020.6528235310888,1014.0,-6.652823531088757,0.006560969951764,-2.70001220703125,0.0026627339319834,1038.657379151535,1043.5999755859375,4.942596434402503,0.0047361024818225,26.89996337890625,0.0257761249599522,995.879271759374,989.0,-6.879271759373978,0.0069557853987603,-27.70001220703125,0.0280081013215685,1015.669568740839,1016.7999877929688,1.130419052129696,0.0011117418034035,0.0999755859375,9.83237481685101e-05,-1,1,0
2026-10-06,2026-10-07,CUPID,3,85.28223951505855,324.20001220703125,325.92588387760287,325.0,-0.925883877602871,0.0028488734695472,0.79998779296875,0.0024615009014423,332.8991582398879,345.0,12.100841760112075,0.0350749036524987,20.79998779296875,0.0602898196897644,318.14530666370734,325.0,6.854693336292655,0.0210913641116697,0.79998779296875,0.0024615009014423,324.6596250758805,343.95001220703125,19.290387131150737,0.0560848566550985,19.75,0.0574211347552214,1,1,1
2026-10-06,2026-10-07,BHEL,4,85.04895739163999,452.0,454.159773665751,451.5,-2.659773665751004,0.0058909715741993,-0.5,0.0011074197120708,461.2263688728368,455.9500122070313,-5.276356665805565,0.0115722261751135,3.95001220703125,0.008663257158194,445.6967830986048,446.6000061035156,0.903223004910842,0.0020224428852817,-5.399993896484375,0.0120913430870682,452.34664661783256,448.5,-3.846646617832562,0.0085766925704181,-3.5,0.007803790412486,1,-1,0
2026-10-06,2026-10-07,AETHER,5,85.01002720387069,1799.800048828125,1806.7000371394288,1781.0999755859375,-25.600061553491287,0.0143731749505355,-18.7000732421875,0.0104991710170764,1846.3060902879577,1807.9000244140625,-38.40606587389516,0.0212434677555483,8.0999755859375,0.0044803227371838,1767.1298700555385,1770.5,3.370129944461496,0.0019034905080268,-29.300048828125,0.0165490250370658,1801.820846264464,1787.5999755859375,-14.22087067852658,0.007955286905766,-12.2000732421875,0.0068248340841404,1,-1,0
2026-10-06,2026-10-07,MOTILALOFS,6,84.35184870666772,1081.1500244140625,1086.0002978126995,1080.0,-6.0002978126995,0.005555831308055,-1.1500244140625,0.0010648374204282,1102.9132097904762,1090.25,-12.66320979047623,0.0116149596794095,9.0999755859375,0.0083466870772185,1065.8215265089057,1059.699951171875,-6.121575337030663,0.0057767062556349,-21.4500732421875,0.0202416478536842,1081.8392331438365,1067.9000244140625,-13.939208729774007,0.0130529154519143,-13.25,0.0124075285111731,1,-1,0
2026-10-06,2026-10-07,KOTAKBANK,7,84.28518744681739,431.8999938964844,433.60000767714,432.0499877929688,-1.5500198841712631,0.0035875938617408,0.149993896484375,0.0003471679220513,438.09120115137887,441.5,3.408798848621132,0.0077209486944985,9.600006103515623,0.0217440681846333,426.9160008787374,429.0,2.083999121262593,0.0048578068094699,-2.899993896484375,0.0067598925325976,431.7838978464725,440.0,8.216102153527515,0.0186729594398352,8.100006103515625,0.0184091047807173,-1,1,0
2026-10-06,2026-10-07,AZAD,8,83.62036919674833,3062.60009765625,3074.964339047123,3050.0,-24.96433904712285,0.0081850291957779,-12.60009765625,0.0041311795594262,3133.743334802204,3064.89990234375,-68.84343245845412,0.0224618860817637,2.2998046875,0.0007503686126066,3009.984757301788,2996.5,-13.484757301787797,0.0045001692981103,-66.10009765625,0.0220591015038378,3063.0242467998205,3048.199951171875,-14.824295627945505,0.0048632950152257,-14.400146484375,0.0047241476002382,1,-1,0
2026-10-06,2026-10-07,MEESHO,9,83.59393134393883,238.22000122070312,239.7403754327505,236.9900054931641,-2.7503699395864487,0.011605425865378,-1.2299957275390625,0.0051900742606402,244.9911993491504,240.33999633789065,-4.651203011259781,0.0193525966636061,2.1199951171875,0.0088208169655084,233.9394842539073,234.0,0.0605157460927046,0.0002586142995414,-4.220001220703125,0.018034193250868,238.8363518239772,236.5200042724609,-2.316347551516259,0.0097934530258503,-1.6999969482421875,0.0071875398170713,1,-1,0
2026-10-06,2026-10-07,CPPLUS,10,83.22246927063867,3976.0,3986.670612154328,4023.0,36.329387845672045,0.0090304220347183,47.0,0.0116828237633606,4058.091706047424,4099.0,40.90829395257606,0.0099800668340024,123.0,0.0300073188582581,3911.162166716112,3945.0,33.8378332838879,0.0085773975371072,-31.0,0.0078580481622306,3975.729037449507,4064.89990234375,89.1708648942431,0.0219367923039946,88.89990234375,0.0218701332085672,-1,1,0
2026-10-07,2026-10-08,CUPID,1,88.19974454523964,343.95001220703125,345.99642942721675,348.5,2.5035705727832465,0.0071838466937826,4.54998779296875,0.0130559190616033,353.8997348017528,357.0,3.1002651982472003,0.0086842162415887,13.04998779296875,0.0365545876553746,337.04188052955567,344.0,6.9581194704443305,0.0202270914838498,0.04998779296875,0.0001453133516533,344.49692012238324,356.6499938964844,12.15307377410113,0.0340756315213298,12.699981689453123,0.0356090898830611,1,1,1
2026-10-07,2026-10-08,RRKABEL,2,86.55257810155568,2722.5,2726.319516130357,2701.0,-25.319516130356988,0.0093741266680329,-21.5,0.0079600148093298,2767.086367743002,2749.60009765625,-17.48627008675203,0.006359568470214,27.10009765625,0.0098560142179766,2681.634577842688,2666.300048828125,-15.334529014563032,0.005751239070525,-56.199951171875,0.0210778795119385,2721.0858972384267,2696.39990234375,-24.685994894676696,0.0091551682942946,-26.10009765625,0.0096796093315251,-1,-1,1
2026-10-07,2026-10-08,GLAND,3,86.03756720006407,3150.60009765625,3161.89095836512,3162.0,0.1090416348802136,3.448502051872665e-05,11.39990234375,0.0036052822086495,3207.3590843591,3170.5,-36.85908435910005,0.0116256377098565,19.89990234375,0.0062765817201545,3110.2922567641285,3049.5,-60.79225676412853,0.0199351555219309,-101.10009765625,0.0331530079213805,3153.248962203857,3079.10009765625,-74.14886454760699,0.0240813426637372,-71.5,0.0232210703557264,1,-1,0
2026-10-07,2026-10-08,HFCL,4,85.9529304404143,271.8999938964844,273.35655091056674,269.0,-4.356550910566739,0.0161953565448577,-2.899993896484375,0.0107806464553322,278.3937597195749,270.0,-8.393759719574916,0.0310879989613885,-1.899993896484375,0.0070370144314236,266.7214022273801,258.3099975585937,-8.41140466878636,0.0325632176388308,-13.589996337890623,0.0526111899126472,272.0967408890385,258.3099975585937,-13.786743330444722,0.053372859977351,-13.589996337890623,0.0526111899126472,1,-1,0
2026-10-07,2026-10-08,AEGISLOG,5,85.8859787232293,1460.199951171875,1466.9274956049592,1473.9000244140625,6.972528809103324,0.0047306660517053,13.7000732421875,0.0092951170467846,1495.5819843336465,1473.9000244140625,-21.68195991958396,0.0147106042203937,13.7000732421875,0.0092951170467846,1435.054274196753,1372.699951171875,-62.35432302487811,0.0454245831156664,-87.5,0.0637429905386834,1462.2708121949072,1382.300048828125,-79.9707633667822,0.0578534041394118,-77.89990234375,0.0563552771410167,1,-1,0
2026-10-07,2026-10-08,PTCIL,6,85.6588846969836,24685.0,24741.643934849777,24685.0,-56.643934849777,0.0022946702390025,0.0,0.0,25173.152800009306,24685.0,-488.1528000093058,0.0197752805351146,0.0,0.0,24302.09488008269,24105.0,-197.09488008269184,0.0081765144195267,-580.0,0.024061398050197,24695.038171777785,24470.0,-225.03817177778544,0.0091964925123737,-215.0,0.0087862689006947,1,-1,0
2026-10-07,2026-10-08,KOTAKBANK,7,85.62321561583147,440.0,441.6161575068896,440.0,-1.6161575068895786,0.0036730852429308,0.0,0.0,445.8272128634962,440.0,-5.827212863496186,0.0132436655988549,0.0,0.0,435.0502096628155,432.9500122070313,-2.1001974557842686,0.0048509005579609,-7.04998779296875,0.0162836068696021,439.9344478863317,435.0,-4.934447886331725,0.0113435583593832,-5.0,0.0114942528735632,-1,-1,1
2026-10-07,2026-10-08,BBOX,8,84.886767218931,884.8499755859375,889.6989582473578,901.0,11.301041752642163,0.0125427766400024,16.1500244140625,0.0179245553985155,911.4624459706282,913.5999755859376,2.1375296153092904,0.0023396778375988,28.75,0.0314689150265806,868.1299087590662,851.2000122070312,-16.92989655203496,0.0198894458520252,-33.64996337890625,0.039532381222196,885.9885510724818,856.5499877929688,-29.438563279513005,0.03436876270977,-28.29998779296875,0.0330395052201074,1,-1,0
2026-10-07,2026-10-08,PWL,9,83.98649272799263,139.57000732421875,140.3406356515016,138.69000244140625,-1.65063321009535,0.0119016019975391,-0.8800048828125,0.0063451212583566,143.4017062767016,141.3800048828125,-2.0217013938890886,0.0142997688786674,1.80999755859375,0.0128023588632213,136.9809608886325,136.33999633789062,-0.6409645507418702,0.0047012217101236,-3.230010986328125,0.0236908542840444,139.69908539988765,140.47999572753906,0.7809103276514122,0.0055588720914114,0.9099884033203124,0.0064777080794139,1,1,1
2026-10-07,2026-10-08,PVRINOX,10,83.96054349962223,1343.800048828125,1348.0322397432749,1335.0999755859375,-12.932264157337386,0.0096863638632468,-8.7000732421875,0.0065164207934085,1375.2884685231777,1342.4000244140625,-32.8884441091152,0.0244997344390473,-1.4000244140625,0.0010429263919848,1320.6173557119644,1301.0,-19.617355711964365,0.0150786746440925,-42.800048828125,0.0328978084766525,1345.4573054987889,1309.199951171875,-36.257354326913855,0.0276942832868727,-34.60009765625,0.0264284287707765,1,-1,0
