feature,windows_valid,mean_correlation,min_correlation,max_correlation,sign_consistent,stable_signal
atr14_pct,0,,,,False,False
bb_position,0,,,,False,False
close_sma20_gap,0,,,,False,False
close_sma50_gap,0,,,,False,False
ema20,0,,,,False,False
ema50,0,,,,False,False
macd,0,,,,False,False
macd_signal,0,,,,False,False
range_pct,0,,,,False,False
return_1d,0,,,,False,False
return_20d,0,,,,False,False
return_5d,0,,,,False,False
rsi14,0,,,,False,False
sma20,0,,,,False,False
sma50,0,,,,False,False
volatility20,0,,,,False,False
volume_ratio,0,,,,False,False
volume_trend5,0,,,,False,False
