symbol,updated_at,sector,returnOnEquity,profitMargins,revenueGrowth,earningsGrowth,trailingPE,priceToBook,debtToEquity,dividendYield
360ONE,2026-10-02T16:08:58+00:00,Financial Services,,0.26455998,0.299,0.128,34.597473,4.2880764,161.977,1.73
AADHARHFC,2026-09-29T09:56:11+00:00,Financial Services,,0.48151,0.196,0.184,16.797905,2.5021088,255.574,
AARTIIND,2026-09-29T09:56:11+00:00,Basic Materials,,0.05901,0.425,2.58,32.033493,2.8447685,83.392,0.21
AAVAS,2026-09-29T09:56:11+00:00,Financial Services,,0.42543998,0.169,0.233,14.327147,1.936368,310.553,
ABB,2026-09-29T09:56:11+00:00,Industrials,0.19131,0.21349001,0.121,0.03,91.492775,15.526011,1.547,0.56
ABBOTINDIA,2026-10-02T16:08:58+00:00,Healthcare,,0.23052,0.043,0.171,35.290405,11.95059,3.602,1.96
ABCAPITAL,2026-10-02T16:08:58+00:00,Financial Services,,0.119449995,0.314,0.391,24.27508,2.8541312,495.936,
ABDL,2026-09-29T09:56:11+00:00,Consumer Defensive,,0.05554,0.061,-0.129,90.7878,12.020121,68.251,0.75
ABREL,2026-09-29T09:56:11+00:00,Real Estate,,-0.25416002,0.297,,,3.4560163,152.371,0.21
ABSLAMC,2026-09-29T09:56:11+00:00,Financial Services,,0.47594002,0.106,0.113,28.264462,6.8427367,1.577,2.58
ACC,2026-10-02T16:08:58+00:00,Basic Materials,,0.07563,-0.038,-0.606,11.65039,1.0791774,2.085,0.63
ACE,2026-09-29T09:56:11+00:00,Industrials,,0.12796,0.205,0.223,32.72653,7.117073,0.393,0.16
ACMESOLAR,2026-09-29T09:56:11+00:00,Utilities,,0.21146,0.468,0.715,45.698643,5.244672,393.194,0.05
ACUTAAS,2026-09-29T09:56:11+00:00,Basic Materials,,0.26421,0.591,0.671,70.52631,16.391233,2.081,0.08
ADANIENSOL,2026-09-29T09:56:11+00:00,Utilities,,0.095769994,0.424,1.241,56.61948,6.2351775,194.5,
ADANIENT,2026-09-29T09:56:11+00:00,Energy,,0.06546,0.499,,50.165302,4.605203,119.56,0.05
ADANIGREEN,2026-09-29T09:56:11+00:00,Utilities,,0.13095,0.166,0.185,125.89,10.7497225,346.548,
ADANIPORTS,2026-09-29T09:56:11+00:00,Industrials,,0.32431,0.186,0.024,30.177504,4.245189,64.051,0.43
ADANIPOWER,2026-09-29T09:56:11+00:00,Utilities,,0.24148001,0.34,0.444,27.77311,5.8889914,82.332,
AEGISLOG,2026-09-29T09:56:11+00:00,Energy,,0.13949001,0.371,2.69,36.574074,7.5561714,47.243,1.02
AEGISVOPAK,2026-09-29T09:56:11+00:00,Energy,,0.32126,0.425,0.304,106.05073,7.5586205,84.438,0.07
AETHER,2026-09-30T16:15:28+00:00,Basic Materials,,0.1912,0.275,0.341,96.16865,9.180493,18.646,
AFCONS,2026-09-29T09:56:11+00:00,Industrials,,0.01286,-0.208,-0.781,62.82051,1.6534057,66.542,0.79
AFFLE,2026-09-29T09:56:11+00:00,Communication Services,,0.16849001,0.204,0.203,45.31684,5.7749104,0.405,
AIAENG,2026-10-02T16:08:58+00:00,Industrials,,0.27836,0.124,-0.013,28.086891,4.4344306,0.128,0.42
AIIL,2026-10-02T16:08:58+00:00,Financial Services,,0.82054,0.141,0.175,28.146215,3.107936,24.59,0.04
AJANTPHARM,2026-10-02T16:08:58+00:00,Healthcare,,0.19648,0.248,0.308,39.423923,9.8963995,5.874,1.79
ALKEM,2026-10-02T16:08:58+00:00,Healthcare,,0.14306,0.109,-0.217,28.902054,4.5160985,14.267,0.38
AMBER,2026-09-29T09:56:11+00:00,Consumer Cyclical,,0.0076099997,0.127,-0.793,251.66351,5.35831,46.566,
AMBUJACEM,2026-09-29T09:56:11+00:00,Basic Materials,,0.11128,-0.077,-0.275,21.217691,1.5385576,1.205,0.53
ANANDRATHI,2026-09-29T09:56:11+00:00,Financial Services,,0.33193,0.521,0.71,76.0217,34.966312,8.25,0.33
ANANTRAJ,2026-09-29T09:56:11+00:00,Real Estate,,0.22770001,0.066,0.134,37.417446,3.733556,11.703,0.16
ANGELONE,2026-09-29T09:56:11+00:00,Financial Services,,0.20698,0.23,1.0,24.86462,4.1018386,129.314,1.81
ANTHEM,2026-10-02T16:08:58+00:00,Healthcare,,0.28691998,-0.226,-0.128,85.0,15.849718,1.772,0.23
ANURAS,2026-09-29T09:56:11+00:00,Basic Materials,,0.06894,0.348,-0.094,76.59298,4.0188317,41.317,0.13
APARINDS,2026-10-02T16:08:58+00:00,Industrials,,0.04844,0.291,0.774,60.349537,13.168097,17.716,0.34
APLAPOLLO,2026-10-02T16:08:58+00:00,Basic Materials,,0.052259997,0.085,0.11,47.769245,11.092876,9.396,0.4
APOLLOHOSP,2026-09-29T09:56:11+00:00,Healthcare,,0.07906,0.206,0.341,60.059357,13.198327,85.146,0.23
APOLLOTYRE,2026-10-02T16:08:58+00:00,Consumer Cyclical,,0.05829,0.128,26.6,14.985164,1.5289304,21.987,2.72
APTUS,2026-09-29T09:56:11+00:00,Financial Services,,0.61761004,0.168,0.19,11.895219,2.314277,156.2,2.11
ARE&M,2026-09-29T09:56:11+00:00,Industrials,,0.06303,0.239,0.159,15.512274,1.72789,5.015,1.37
ASAHIINDIA,2026-09-29T09:56:11+00:00,Consumer Cyclical,,0.08457,0.15,1.532,54.66053,6.1552815,55.868,0.21
ASHOKLEY,2026-10-02T16:08:58+00:00,Industrials,,0.06021,0.116,0.01,25.46193,6.206384,344.737,2.33
ASIANPAINT,2026-09-29T09:56:11+00:00,Basic Materials,,0.12813,0.179,0.399,49.193974,10.847504,17.847,1.14
ASTERDM,2026-09-29T09:56:11+00:00,Healthcare,,0.065359995,0.216,-0.814,119.95122,8.3079,45.921,0.54
ASTRAL,2026-10-02T16:08:58+00:00,Industrials,,0.084809996,0.159,0.48,62.891903,8.897834,6.168,0.3
ATGL,2026-10-02T16:08:58+00:00,Utilities,,0.100839995,0.272,-0.14,101.03986,13.180204,58.65,0.04
ATHERENERG,2026-09-29T09:56:11+00:00,Consumer Cyclical,,-0.0919,0.888,,,21.190577,25.819,
ATUL,2026-09-29T09:56:11+00:00,Basic Materials,,0.119729996,0.25,0.92,22.031168,2.8161955,2.907,0.5
AUBANK,2026-10-02T16:08:58+00:00,Financial Services,,0.25577998,0.298,0.351,26.18037,3.6933649,,0.1
AUROPHARMA,2026-10-02T16:08:58+00:00,Healthcare,,0.10627,0.163,0.258,26.183636,2.5702379,21.31,0.24
AVANTIFEED,2026-09-30T16:15:28+00:00,Consumer Defensive,,0.083500005,0.183,-0.421,18.466684,2.9761262,0.357,1.34
AWL,2026-10-02T16:08:58+00:00,Consumer Defensive,,0.01487,0.175,0.473,19.676373,2.1766224,10.621,0.57
AXISBANK,2026-09-29T09:56:11+00:00,Financial Services,0.13352999,0.36031,0.14,0.218,13.522331,1.6751516,,0.08
AZAD,2026-09-30T16:15:28+00:00,Industrials,,0.21756001,0.259,0.213,137.37599,12.521286,31.025,
BAGMANE,2026-09-30T16:15:28+00:00,,,,,,,,,
BAJAJ-AUTO,2026-09-29T09:56:11+00:00,Consumer Cyclical,,0.16251,0.64,0.458,25.786,7.815896,56.352,1.36
BAJAJFINSV,2026-09-29T09:56:11+00:00,Financial Services,,0.06471,0.193,0.127,27.71433,3.5951428,256.404,0.07
BAJAJHFL,2026-10-02T16:08:58+00:00,Financial Services,0.12679,0.63176996,0.196,0.229,25.749226,3.0754724,460.74,
BAJAJHLDNG,2026-09-29T09:56:11+00:00,Financial Services,0.11598,7.34641,0.242,-0.224,13.547665,1.6393412,0.012,1.2
BAJFINANCE,2026-09-29T09:56:11+00:00,Financial Services,,0.43495,0.261,0.272,28.753708,5.2852335,314.833,0.55
BALKRISIND,2026-10-02T16:08:58+00:00,Consumer Cyclical,,0.12203,0.252,0.564,28.538029,3.6615493,37.524,0.77
BALRAMCHIN,2026-09-29T09:56:11+00:00,Consumer Defensive,,0.05829,0.061,-0.154,36.94001,3.2761922,76.606,1.03
BANDHANBNK,2026-09-29T09:56:11+00:00,Financial Services,,0.13617,0.216,0.346,22.527811,1.1464859,,0.83
BANKBARODA,2026-09-29T09:56:11+00:00,Financial Services,0.113170005,0.27392,0.18,-0.486,6.77539,0.7060491,,3.74
BANKINDIA,2026-10-02T16:08:58+00:00,Financial Services,0.13697,0.34992,0.185,0.803,4.79378,0.6482265,,3.59
BATAINDIA,2026-09-29T09:56:11+00:00,Consumer Cyclical,,0.041149996,0.039,0.23,54.039474,4.9623423,86.9,5.44
BBOX,2026-09-30T16:15:28+00:00,Technology,,0.033970002,0.239,0.129,61.717793,11.100078,89.594,0.12
BDL,2026-10-02T16:08:58+00:00,Industrials,,0.18827,1.308,5.48,76.343864,9.396026,0.007,0.45
BEL,2026-09-29T09:56:11+00:00,Industrials,,0.21403,0.249,0.083,46.89403,11.731724,0.273,0.65
BELRISE,2026-09-29T09:56:11+00:00,Consumer Cyclical,,0.05175,0.126,-0.087,41.937065,4.0844545,29.1,0.22
BEML,2026-09-29T09:56:11+00:00,Industrials,,0.03934,0.293,,91.32896,5.54073,10.529,0.89
BERGEPAINT,2026-10-02T16:08:58+00:00,Basic Materials,,0.099209994,0.12,0.285,43.291866,7.6270757,9.165,0.88
BHARATCOAL,2026-09-30T16:15:28+00:00,Basic Materials,,-0.00863,-0.036,,,2.6432426,38.792,
BHARATFORG,2026-10-02T16:08:58+00:00,Industrials,,0.040260002,0.187,,126.603645,9.357314,76.475,0.45
BHARTIARTL,2026-09-29T09:56:11+00:00,Communication Services,0.20151,0.1314,0.184,0.351,37.26228,6.8714614,100.415,1.35
BHARTIHEXA,2026-10-02T16:08:58+00:00,Communication Services,,0.18999,0.109,0.232,37.723667,9.621504,85.654,1.31
BHEL,2026-10-02T16:08:58+00:00,Industrials,,0.06758,0.403,,60.315186,5.6066804,31.312,0.33
BIOCON,2026-10-02T16:08:58+00:00,Healthcare,,0.0286,0.1,2.346,107.44928,1.7640873,42.145,0.13
BIRET,2026-09-30T16:15:28+00:00,,,,,,35.41532,1.1266515,,
BLS,2026-09-29T09:56:11+00:00,Industrials,,0.22207001,0.253,0.108,12.9448395,3.646251,15.468,1.13
BLUESTARCO,2026-10-02T16:08:58+00:00,Industrials,,0.03979,0.133,-0.151,58.831116,8.745199,23.588,0.58
BOSCHLTD,2026-09-29T09:56:11+00:00,Consumer Cyclical,,0.11328,0.22,-0.367,57.944687,9.219495,0.8,0.57
BPCL,2026-09-29T09:56:11+00:00,Energy,,0.034679998,0.344,,7.6431656,1.2812909,54.332,6.62
BRIGADE,2026-09-29T09:56:11+00:00,Real Estate,,0.12562999,-0.129,0.338,28.21627,26.701096,84.316,0.34
BRITANNIA,2026-09-29T09:56:11+00:00,Consumer Defensive,,0.13376,0.082,0.136,44.825344,22.758791,26.875,1.84
BSE,2026-10-02T16:08:58+00:00,Financial Services,,0.48918,0.64,0.621,44.376457,15.687365,0.0,0.33
BSOFT,2026-09-29T09:56:11+00:00,Technology,,0.10601,0.074,0.508,13.322613,1.8297033,3.422,2.4
CAMS,2026-09-29T09:56:11+00:00,Technology,,0.31785,0.115,0.17,34.67576,12.648782,4.863,1.85
CANBK,2026-09-29T09:56:11+00:00,Financial Services,,0.43126,-0.129,0.622,5.6575212,0.9216731,,3.48
CANFINHOME,2026-09-29T09:56:11+00:00,Financial Services,,0.66733,0.225,0.196,8.606461,1.6253501,636.585,2.17
CANHLIFE,2026-09-29T09:56:11+00:00,Financial Services,0.08276,0.01075,0.183,0.202,109.48921,8.850314,15.304,0.27
CAPLIPOINT,2026-09-29T09:56:11+00:00,Healthcare,,0.29089,0.196,0.159,31.44526,5.9429817,0.127,0.28
CARBORUNIV,2026-09-29T09:56:11+00:00,Industrials,,0.03849,0.194,0.235,107.787766,5.85474,10.292,0.32
CARTRADE,2026-09-29T09:56:11+00:00,Consumer Cyclical,,0.28656,0.163,0.224,62.327534,5.588723,5.363,
CASTROLIND,2026-09-29T09:56:11+00:00,Energy,0.56996,0.17066,0.25,0.421,18.550468,10.3004675,2.784,6.22
CCL,2026-09-29T09:56:11+00:00,Consumer Defensive,,0.0938,0.138,0.61,30.893959,5.6927657,56.487,0.56
CDSL,2026-09-29T09:56:11+00:00,Financial Services,,0.36798,0.154,0.147,57.627037,13.544989,0.11,0.99
CEATLTD,2026-09-29T09:56:11+00:00,Consumer Cyclical,,0.03583,0.223,-0.962,22.08901,2.2179873,64.742,1.07
CEMPRO,2026-09-29T09:56:11+00:00,Industrials,,0.058920003,0.07,0.026,34.849785,8.719681,37.711,0.24
CENTRALBK,2026-09-29T09:56:11+00:00,Financial Services,0.115600005,0.27839002,-0.032,0.028,5.9583335,0.66445404,,4.54
CESC,2026-09-29T09:56:11+00:00,Utilities,,0.08243,0.054,0.038,11.705161,1.4161568,164.311,4.41
CGCL,2026-09-29T09:56:11+00:00,Financial Services,,0.34958,0.858,0.794,21.021276,3.305763,334.728,0.08
CGPOWER,2026-09-29T09:56:11+00:00,Industrials,,0.0975,0.14,0.131,109.302765,17.191607,1.446,0.15
CHAMBLFERT,2026-09-29T09:56:11+00:00,Basic Materials,,0.09581,-0.118,-0.046,8.561786,1.5849247,10.274,2.87
CHENNPETRO,2026-09-29T09:56:11+00:00,Energy,,0.054780003,0.848,,4.9994774,1.9222391,17.68,4.4
CHOICEIN,2026-09-29T09:56:11+00:00,Financial Services,,0.20173,0.344,0.154,69.43715,8.756136,49.768,
CHOLAFIN,2026-09-29T09:56:11+00:00,Financial Services,,0.40549,0.346,0.437,24.688017,4.5933027,695.283,0.12
CHOLAHLDNG,2026-09-29T09:56:11+00:00,Financial Services,,0.11882,0.139,0.393,9.498452,1.6406988,623.156,0.09
CIEINDIA,2026-09-29T09:56:11+00:00,Consumer Cyclical,0.12222,0.09035,0.106,0.159,15.871406,1.8383056,6.63,1.83
CIPLA,2026-09-29T09:56:11+00:00,Healthcare,,0.12009,0.035,-0.392,33.06641,3.235637,1.778,0.94
CLEAN,2026-09-29T09:56:11+00:00,Basic Materials,,0.23719,0.105,0.047,36.482533,5.1879606,0.135,0.77
CLEANMAX,2026-09-30T16:15:28+00:00,Utilities,,0.06695,1.092,,98.97092,3.350119,231.875,
CMPDI,2026-09-30T16:15:28+00:00,Basic Materials,,0.27375,0.176,0.538,21.906807,6.543538,0.064,0.5
COALINDIA,2026-09-29T09:56:11+00:00,Energy,,0.18138,0.451,0.012,8.465376,2.1947434,11.629,4.97
COCHINSHIP,2026-10-02T16:08:58+00:00,Industrials,,0.13479,0.024,-0.193,49.710316,5.76507,28.466,0.87
COFORGE,2026-10-02T16:08:58+00:00,Technology,,0.0964,0.499,0.309,35.839058,6.430415,7.518,0.88
COHANCE,2026-09-29T09:56:11+00:00,Healthcare,,0.04961,-0.231,-0.968,164.6558,4.453908,9.928,
COLPAL,2026-10-02T16:08:58+00:00,Consumer Defensive,,0.21722999,0.118,0.07,34.96574,29.7895,2.993,2.77
CONCOR,2026-10-02T16:08:58+00:00,Industrials,,0.13670999,0.003,0.006,27.09994,2.6010404,7.39,1.95
CONCORDBIO,2026-09-29T09:56:11+00:00,Healthcare,,0.24844,0.262,0.311,48.341934,7.288674,0.115,0.54
COROMANDEL,2026-10-02T16:08:58+00:00,Basic Materials,,0.05619,0.159,-0.245,27.8085,4.1273766,11.469,0.62
CPPLUS,2026-09-29T09:56:11+00:00,Industrials,,0.09774,0.895,3.037,93.87574,23.897871,9.604,0.04
CRAFTSMAN,2026-09-29T09:56:11+00:00,Consumer Cyclical,,0.053340003,0.363,1.133,53.78281,7.6374483,111.011,0.11
CREDITACC,2026-09-29T09:56:11+00:00,Financial Services,0.16364999,0.39812002,1.495,7.152,16.686813,2.4815083,302.872,
CRISIL,2026-10-02T16:08:58+00:00,Financial Services,0.29052,0.21434,0.276,0.262,36.666668,9.909577,10.23,0.9
CROMPTON,2026-09-29T09:56:11+00:00,Consumer Cyclical,,-0.02688,0.118,0.147,,4.6237,5.797,1.37
CUB,2026-09-29T09:56:11+00:00,Financial Services,,0.37791002,0.233,0.252,15.194346,2.0161858,,0.93
CUMMINSIND,2026-09-29T09:56:11+00:00,Industrials,,0.18694,0.179,0.009,57.28063,15.735489,0.431,1.36
CUPID,2026-09-30T16:15:28+00:00,Consumer Defensive,,0.30351,1.587,1.909,318.0102,92.83586,12.506,
CYIENT,2026-09-29T09:56:11+00:00,Industrials,,0.04955,0.213,-0.324,30.938417,2.051268,7.528,2.96
DABUR,2026-10-02T16:08:58+00:00,Consumer Defensive,,0.14551,0.106,0.153,33.655575,5.8128695,10.907,2.2
DALBHARAT,2026-10-02T16:08:58+00:00,Basic Materials,,0.062030002,0.07,-0.521,33.78703,1.761006,40.987,0.59
DATAPATTNS,2026-09-29T09:56:11+00:00,Industrials,,0.28459,0.168,-0.134,87.96033,13.587651,0.304,0.23
DEEPAKFERT,2026-09-29T09:56:11+00:00,Basic Materials,,0.08131,0.225,1.016,16.831068,2.3984284,75.969,0.74
DEEPAKNTR,2026-09-29T09:56:11+00:00,Basic Materials,,0.091359995,0.364,2.074,26.346388,3.536928,27.903,0.48
DELHIVERY,2026-09-29T09:56:11+00:00,Industrials,,0.00839,0.278,-0.65,338.49594,3.207899,15.098,
DEVYANI,2026-09-29T09:56:11+00:00,Consumer Cyclical,,-0.0047400002,0.165,3.0,,10.47581,203.327,
DIVISLAB,2026-09-29T09:56:11+00:00,Healthcare,,0.26046,0.278,0.657,85.70331,15.015664,0.042,0.31
DIXON,2026-10-02T16:08:58+00:00,Technology,,0.03639,0.211,1.546,41.322315,14.146872,18.457,0.08
DLF,2026-09-29T09:56:11+00:00,Real Estate,0.10102,0.65791,-0.529,0.042,37.474945,3.6636946,0.673,1.21
DMART,2026-09-29T09:56:11+00:00,Consumer Defensive,,0.042919997,0.149,0.114,81.2313,10.107834,9.913,
DOMS,2026-09-29T09:56:11+00:00,Industrials,,0.08929,0.192,-0.225,57.551937,10.198447,10.849,0.18
DRREDDY,2026-09-29T09:56:11+00:00,Healthcare,0.088369995,0.09996,-0.056,-0.687,31.338364,2.706243,18.605,0.66
DUMMYHEG,2026-09-29T09:56:11+00:00,,,,,,,,,
ECLERX,2026-09-29T09:56:11+00:00,Technology,,0.16814,0.233,0.188,23.87987,6.3752093,15.012,0.06
EICHERMOT,2026-09-29T09:56:11+00:00,Consumer Cyclical,,0.23211999,0.315,0.213,34.923176,7.874188,2.048,1.14
EIDPARRY,2026-09-29T09:56:11+00:00,Basic Materials,,0.01197,0.034,-0.424,26.834738,1.4159122,23.647,
EIHOTEL,2026-09-29T09:56:11+00:00,Consumer Cyclical,,0.23142,0.145,2.463,26.405975,3.5711312,4.666,0.51
ELECON,2026-09-29T09:56:11+00:00,Industrials,,0.09852,0.061,-0.598,45.595238,4.6590953,11.824,0.42
ELGIEQUIP,2026-09-29T09:56:11+00:00,Industrials,,0.10803001,0.226,0.211,42.046577,8.415254,23.885,0.45
EMAMILTD,2026-09-29T09:56:11+00:00,Consumer Defensive,,0.19117,0.149,-0.162,22.248108,5.702599,5.541,3.09
EMBASSY,2026-09-30T16:15:28+00:00,,,,,,92.944725,1.6873988,,
EMCURE,2026-09-29T09:56:11+00:00,Healthcare,,0.104449995,0.228,0.419,36.934875,7.4711633,30.567,0.19
EMMVEE,2026-09-29T09:56:11+00:00,Technology,,0.22844,0.513,0.737,17.069527,5.885603,9.745,0.32
ENDURANCE,2026-10-02T16:08:58+00:00,Consumer Cyclical,,0.0622,0.3,0.08,37.66173,5.3387947,19.393,0.44
ENGINERSIN,2026-09-29T09:56:11+00:00,Industrials,,0.20222001,-0.058,1.422,22.17921,5.54232,0.534,1.59
ENRIN,2026-09-29T09:56:11+00:00,Utilities,,0.15769,0.393,0.678,76.78486,23.720182,4.483,0.13
ESCORTS,2026-10-02T16:08:58+00:00,Industrials,,0.11291,0.283,-0.724,21.292685,2.418792,1.309,1.24
ETERNAL,2026-09-29T09:56:11+00:00,Consumer Cyclical,,0.00642,1.82,2.333,714.7826,9.719472,14.826,
EXIDEIND,2026-10-02T16:08:58+00:00,Consumer Cyclical,,0.04948,0.177,0.283,37.31996,2.502659,11.308,0.49
FACT,2026-09-29T09:56:11+00:00,Basic Materials,,-0.01783,0.202,,,35.10484,295.147,0.05
FEDERALBNK,2026-10-02T16:08:58+00:00,Financial Services,,0.30721,0.214,0.327,17.034262,1.9588168,,0.38
FINCABLES,2026-09-29T09:56:11+00:00,Industrials,,0.11532,0.443,0.532,27.342257,3.594708,0.314,0.64
FIRSTCRY,2026-09-29T09:56:11+00:00,Consumer Cyclical,,-0.01422,0.131,,,1.8412056,29.762,
FIVESTAR,2026-09-29T09:56:11+00:00,Financial Services,,0.47797,0.08,0.018,13.153743,1.9675955,111.929,0.39
FLUOROCHEM,2026-10-02T16:08:58+00:00,Basic Materials,,0.11635,0.24,0.204,77.720055,6.248143,28.94,0.07
FORCEMOT,2026-09-29T09:56:11+00:00,Consumer Cyclical,,0.13607,0.062,0.228,18.171497,5.424577,,0.29
FORTIS,2026-10-02T16:08:58+00:00,Healthcare,,0.11023,0.175,0.023,56.515476,5.988983,34.15,0.13
FRACTAL,2026-09-30T16:15:28+00:00,Technology,,0.095290005,0.2,0.771,38.693153,3.8723922,13.131,
FSL,2026-09-29T09:56:11+00:00,Technology,,0.06668,0.229,-0.017,26.44681,3.9142826,67.135,2.15
GABRIEL,2026-09-29T09:56:11+00:00,Consumer Cyclical,,0.052360002,0.298,0.406,73.3484,13.6535635,10.642,0.37
GAIL,2026-09-29T09:56:11+00:00,Utilities,,0.06698,0.167,0.972,11.4366665,1.265594,27.809,3.19
GALLANTT,2026-09-29T09:56:11+00:00,Basic Materials,,0.097849995,0.016,-0.288,30.22304,3.8949368,16.515,0.37
GESHIP,2026-09-29T09:56:11+00:00,Industrials,,0.60307,0.669,1.594,5.891316,1.2984345,6.409,3.76
GICRE,2026-10-02T16:08:58+00:00,Financial Services,0.091079995,0.16819,-0.008,-0.311,6.4034395,0.57546407,,4.09
GILLETTE,2026-09-29T09:56:11+00:00,Consumer Defensive,,0.21035999,0.108,0.094,34.654453,23.962568,0.002,2.6
GLAND,2026-09-29T09:56:11+00:00,Healthcare,,0.16784,0.196,0.469,43.428154,4.735296,2.738,0.69
GLAXO,2026-10-02T16:08:58+00:00,Healthcare,,0.27008,0.166,0.157,43.68471,20.620867,1.467,2.06
GLENMARK,2026-10-02T16:08:58+00:00,Healthcare,,0.10137,0.231,9.307,36.627907,6.258138,5.646,0.32
GMDCLTD,2026-09-29T09:56:11+00:00,Energy,,0.33823,0.238,-0.002,17.057552,2.3067026,4.475,1.82
GMRAIRPORT,2026-10-02T16:08:58+00:00,Industrials,,0.030720001,0.237,,232.90001,-39.175777,,
GODFRYPHLP,2026-10-02T16:08:58+00:00,Consumer Defensive,,0.22389999,-0.189,-0.443,21.096031,4.6440682,3.757,2.7
GODREJCP,2026-09-29T09:56:11+00:00,Consumer Defensive,,0.12086,0.154,0.115,45.78442,6.941242,34.899,2.3
GODREJIND,2026-10-02T16:08:58+00:00,Industrials,,0.04761,-0.047,-0.186,29.305996,3.0795057,222.411,
GODREJPROP,2026-10-02T16:08:58+00:00,Real Estate,,0.30754998,0.165,-0.417,30.058392,2.5092852,82.119,0.63
GPIL,2026-09-29T09:56:11+00:00,Basic Materials,,0.13887,0.323,-0.006,17.55777,2.3302667,7.582,0.44
GRANULES,2026-09-29T09:56:11+00:00,Healthcare,,0.1176,0.22,0.534,32.08318,4.2103624,29.735,0.21
GRAPHITE,2026-09-29T09:56:11+00:00,Industrials,,0.07044,0.266,0.284,73.19597,2.6653461,6.295,0.88
GRASIM,2026-09-29T09:56:11+00:00,Basic Materials,,0.03093,0.214,0.513,37.320457,2.0268285,135.044,0.32
GRAVITA,2026-09-29T09:56:11+00:00,Industrials,,0.083380006,0.418,0.14,26.845623,4.291454,29.934,0.64
GROWW,2026-10-02T16:08:58+00:00,Financial Services,,0.45354,0.652,0.857,45.76142,11.548808,3.028,
GRSE,2026-09-29T09:56:11+00:00,Industrials,,0.10665,0.385,0.439,32.59692,9.608489,1.424,0.87
GVT&D,2026-10-02T16:08:58+00:00,Industrials,,0.19442,0.38,0.247,83.33073,40.47506,0.892,0.24
HAL,2026-09-29T09:56:11+00:00,Industrials,,0.27591,0.144,0.149,34.101166,7.635136,0.16,0.42
HAVELLS,2026-10-02T16:08:58+00:00,Industrials,,0.06923,0.195,-0.166,39.98462,6.8991594,2.801,1.15
HBLENGINE,2026-09-29T09:56:11+00:00,Industrials,,0.23381001,0.06,-0.235,28.652481,10.027178,3.021,0.51
HCLTECH,2026-09-29T09:56:11+00:00,Technology,0.24067,0.12966,0.03,0.084,19.110144,4.503277,7.058,4.79
HDBFS,2026-10-02T16:08:58+00:00,Financial Services,,0.29786,0.21,0.326,18.539175,2.4910996,484.313,0.65
HDFCAMC,2026-09-29T09:56:11+00:00,Financial Services,,0.61625,0.134,0.118,32.927437,10.468705,2.364,2.35
HDFCBANK,2026-09-29T09:56:11+00:00,Financial Services,0.13838,0.26787,0.166,0.181,15.997316,1.8165983,,1.81
HDFCLIFE,2026-09-29T09:56:11+00:00,Financial Services,0.10828,0.019,0.143,0.119,57.17415,5.812788,15.885,0.4
HEGAM,2026-09-29T09:56:11+00:00,Industrials,,0.13612,0.104,0.168,12.938931,,16.73,1.42
HEROMOTOCO,2026-10-02T16:08:58+00:00,Consumer Cyclical,,0.10724,0.349,-0.172,18.979763,4.784853,3.57,3.58
HEXT,2026-10-02T16:08:58+00:00,Technology,0.21473,0.09318,0.179,-0.125,22.522936,4.4610004,10.18,2.91
HFCL,2026-09-29T09:56:11+00:00,Technology,,0.09554,1.199,,57.656002,6.521582,38.321,0.1
HINDALCO,2026-09-29T09:56:11+00:00,Basic Materials,,0.05549,0.321,0.751,13.248231,1.5518037,72.598,0.52
HINDCOPPER,2026-09-29T09:56:11+00:00,Basic Materials,,0.32494,0.814,1.619,41.59071,13.743122,3.319,0.9
HINDPETRO,2026-10-02T16:08:58+00:00,Energy,,0.00356,0.269,,43.893127,1.1199808,85.369,7.03
HINDUNILVR,2026-09-29T09:56:11+00:00,Consumer Defensive,,0.22644,0.05,0.084,42.482384,9.009044,3.016,2.32
HINDZINC,2026-09-29T09:56:11+00:00,Basic Materials,,0.38068,0.717,1.446,14.525565,10.661737,39.034,3.66
HOMEFIRST,2026-09-29T09:56:11+00:00,Financial Services,,0.51428,0.297,0.323,19.815418,2.6222458,243.944,0.48
HONASA,2026-09-29T09:56:11+00:00,Consumer Defensive,,0.09749,0.27,1.19,57.798164,10.146794,9.586,0.64
HONAUT,2026-10-02T16:08:58+00:00,Industrials,,0.117180005,0.018,0.209,53.651173,6.6172237,2.476,0.33
HSCL,2026-09-29T09:56:11+00:00,Basic Materials,,0.16066,0.28,0.247,42.379288,7.1505904,16.169,0.12
HUDCO,2026-10-02T16:08:58+00:00,Financial Services,,0.90679,0.098,0.349,7.60452,1.4709713,645.775,3.71
HYUNDAI,2026-09-29T09:56:11+00:00,Consumer Cyclical,,0.07004,-0.005,-0.351,34.676598,8.315873,5.484,1.02
ICICIAMC,2026-10-02T16:08:58+00:00,Financial Services,,0.55504,0.181,0.231,43.80871,36.472652,4.066,0.8
ICICIBANK,2026-09-29T09:56:11+00:00,Financial Services,0.16073999,0.27531,0.114,0.138,16.767939,2.4454303,,0.92
ICICIGI,2026-10-02T16:08:58+00:00,Financial Services,0.1463,0.08764,0.109,-0.462,32.36025,4.5773897,,0.9
ICICIPRULI,2026-10-02T16:08:58+00:00,Financial Services,0.12571,0.02555,0.125,0.285,38.45923,4.5250263,18.052,0.37
IDBI,2026-09-29T09:56:11+00:00,Financial Services,0.13874,0.48589,0.081,0.053,9.602076,1.2671233,,2.43
IDEA,2026-10-02T16:08:58+00:00,Communication Services,,0.82278,0.061,,3.6217766,-3.8303032,,
IDFCFIRSTB,2026-10-02T16:08:58+00:00,Financial Services,0.052649997,0.09093001,0.298,1.164,31.03861,1.4223787,,0.31
IEX,2026-09-29T09:56:11+00:00,Financial Services,,0.66222,0.101,0.118,18.923624,6.987604,0.818,3.59
IFCI,2026-09-29T09:56:11+00:00,Financial Services,,0.12699,-0.063,-0.2,112.61904,2.097313,22.723,
IGIL,2026-09-29T09:56:11+00:00,Basic Materials,,0.44739,0.232,0.32,27.472528,9.438894,9.594,1.54
IGL,2026-09-29T09:56:11+00:00,Utilities,,0.080819994,0.172,-0.438,15.451261,1.7153664,0.848,2.09
IIFL,2026-09-29T09:56:11+00:00,Financial Services,,0.24174,0.318,1.895,12.304011,1.8461374,447.421,0.67
IKS,2026-09-29T09:56:11+00:00,Healthcare,,0.22817,0.207,0.279,40.728733,10.586099,26.873,
INDHOTEL,2026-09-29T09:56:11+00:00,Consumer Cyclical,,0.20868999,0.151,0.207,48.573368,7.797505,18.987,0.46
INDIACEM,2026-09-29T09:56:11+00:00,Basic Materials,,0.020650001,-0.005,,100.700005,0.92470723,12.888,
INDIAMART,2026-09-29T09:56:11+00:00,Consumer Cyclical,0.23146,0.30618998,0.114,0.119,19.57936,4.3379903,0.974,1.83
INDIANB,2026-10-02T16:08:58+00:00,Financial Services,0.16171,0.36413,0.103,0.475,8.354224,1.2732917,,2.3
INDIGO,2026-09-29T09:56:11+00:00,Industrials,,-0.053969998,0.199,,,26.94903,1112.706,0.19
INDUSINDBK,2026-10-02T16:08:58+00:00,Financial Services,,0.076469995,0.01,0.717,52.22909,1.0505311,,0.17
INDUSTOWER,2026-10-02T16:08:58+00:00,Communication Services,0.18912001,0.21776,0.046,0.006,13.756855,2.3977032,51.79,3.72
INFY,2026-09-29T09:56:11+00:00,Technology,0.32,0.16370001,0.029,0.053,12.70611,4.3355293,9.541,4.98
INOXINDIA,2026-09-30T16:15:28+00:00,Industrials,,0.15748,0.092,-0.049,73.199,16.668833,7.251,0.1
INOXWIND,2026-09-29T09:56:11+00:00,Industrials,,0.078260005,-0.015,-0.383,36.85279,1.7016687,20.631,
INTELLECT,2026-09-29T09:56:11+00:00,Technology,,0.11095,0.204,0.081,24.625303,2.6748242,4.961,0.63
IOB,2026-09-29T09:56:11+00:00,Financial Services,0.16525999,0.36560002,0.481,0.459,10.33557,1.5250545,,
IOC,2026-09-29T09:56:11+00:00,Energy,,0.0392,0.385,,5.4541736,0.83614564,58.446,6.19
IPCALAB,2026-10-02T16:08:58+00:00,Healthcare,,0.12935,0.208,0.724,37.62817,6.119374,8.492,0.31
IRB,2026-09-29T09:56:11+00:00,Industrials,,0.15478,-0.089,0.471,22.276316,0.95768756,95.6,1.17
IRCON,2026-09-29T09:56:11+00:00,Industrials,,0.05667,0.095,-0.434,15.543379,1.4447604,85.833,1.84
IRCTC,2026-10-02T16:08:58+00:00,Consumer Cyclical,,0.25677,0.181,0.0,26.03211,8.42973,1.874,1.98
IREDA,2026-10-02T16:08:58+00:00,Financial Services,,0.69254994,0.237,0.33,15.789474,2.2619824,565.671,1.35
IRFC,2026-09-29T09:56:11+00:00,Financial Services,,0.97271,0.103,0.097,14.424074,1.792099,773.347,3.69
ITC,2026-09-29T09:56:11+00:00,Consumer Defensive,,0.25937998,-0.111,-0.16,16.952623,4.5758524,3.293,6.03
ITCHOTELS,2026-10-02T16:08:58+00:00,Consumer Cyclical,,0.20283002,0.148,0.359,39.100986,2.836493,0.634,0.63
ITI,2026-09-29T09:56:11+00:00,Technology,,0.15359001,-0.147,,71.8546,12.22671,40.144,
J&KBANK,2026-09-29T09:56:11+00:00,Financial Services,0.14609,0.34216,-0.043,-0.116,6.6068864,0.92200184,,1.43
JAINREC,2026-09-29T09:56:11+00:00,Basic Materials,,0.03126,0.759,0.141,27.185116,6.438418,81.887,
JBMA,2026-09-29T09:56:11+00:00,Consumer Cyclical,,0.03571,0.15,0.141,61.11535,11.633664,190.282,0.15
JINDALSAW,2026-09-29T09:56:11+00:00,Basic Materials,,0.03578,0.09,-0.754,26.952055,1.3958923,38.19,0.72
JINDALSTEL,2026-09-29T09:56:11+00:00,Basic Materials,,0.04818,0.259,-0.437,42.75591,2.2790413,43.613,0.18
JIOFIN,2026-09-29T09:56:11+00:00,Financial Services,,0.55006003,2.082,1.702,69.87859,1.0344502,16.286,0.27
JKCEMENT,2026-10-02T16:08:58+00:00,Basic Materials,,0.06559,0.28,-0.145,40.511814,5.440535,87.522,0.4
JKTYRE,2026-09-29T09:56:11+00:00,Consumer Cyclical,,0.04003,0.02,-0.743,14.902222,1.5948895,80.551,1.18
JMFINANCIL,2026-09-29T09:56:11+00:00,Financial Services,,0.30868,-0.103,-0.357,11.563937,1.1280017,102.435,1.4
JPPOWER,2026-09-29T09:56:11+00:00,Utilities,,0.111420006,0.122,0.677,21.77143,1.1700577,26.634,
JSL,2026-10-02T16:08:58+00:00,Basic Materials,,0.07379,0.105,0.076,18.60737,13.403628,37.523,0.55
JSWCEMENT,2026-09-29T09:56:11+00:00,Basic Materials,,0.10869,0.199,,19.980497,2.3074245,68.39,0.44
JSWENERGY,2026-10-02T16:08:58+00:00,Utilities,,0.10373,0.012,-0.395,38.768986,2.7697825,229.16,0.41
JSWINFRA,2026-10-02T16:08:58+00:00,Industrials,,0.26578,0.181,-0.103,50.211864,6.8147836,59.002,0.25
JSWSTEEL,2026-09-29T09:56:11+00:00,Basic Materials,,0.13065,0.098,1.13,12.552555,3.0735717,95.374,0.56
JUBLFOOD,2026-10-02T16:08:58+00:00,Consumer Cyclical,,0.04415,0.137,0.06,78.477875,12.722368,205.318,0.27
JUBLINGREA,2026-09-29T09:56:11+00:00,Basic Materials,,0.06637,0.253,0.406,32.78579,3.2184198,25.328,0.76
JWL,2026-09-29T09:56:11+00:00,Industrials,,0.05329,0.46,-0.143,55.95153,3.168364,33.365,0.69
JYOTICNC,2026-09-29T09:56:11+00:00,Industrials,,0.14681,0.24,-0.201,74.777695,12.048303,42.609,
KAJARIACER,2026-09-29T09:56:11+00:00,Industrials,,0.107980005,0.204,0.554,35.613407,6.1829534,7.302,1.01
KALYANKJIL,2026-10-02T16:08:58+00:00,Consumer Cyclical,,0.036730003,0.457,0.316,38.158844,8.641128,96.966,0.47
KARURVYSYA,2026-09-29T09:56:11+00:00,Financial Services,,0.41307,0.26,0.45,11.179578,2.1754472,,0.81
KAYNES,2026-09-29T09:56:11+00:00,Technology,,0.08866999,0.405,-0.004,68.67917,5.0696993,19.168,
KEC,2026-09-29T09:56:11+00:00,Industrials,,0.02355,0.0,-0.417,18.377323,1.6249411,87.306,1.41
KEI,2026-10-02T16:08:58+00:00,Industrials,,0.08076,0.23,0.4,43.18465,6.4574795,3.796,0.1
KFINTECH,2026-09-29T09:56:11+00:00,Technology,,0.24400999,0.301,-0.025,42.944473,8.692873,3.314,1.36
KIMS,2026-09-29T09:56:11+00:00,Healthcare,,0.048499998,0.353,-0.469,152.36166,13.726521,166.226,
KIRLOSBROS,2026-09-30T16:15:28+00:00,Industrials,,0.08009,0.129,-0.001,37.659664,5.720022,10.101,0.38
KIRLOSENG,2026-09-29T09:56:11+00:00,Industrials,,0.06868,0.134,-0.199,63.606945,9.551245,154.864,0.33
KOTAKBANK,2026-09-29T09:56:11+00:00,Financial Services,,0.28467,0.21,0.225,19.94608,2.2332478,,0.16
KPIL,2026-09-29T09:56:11+00:00,Industrials,,0.04151,0.038,0.452,20.68441,2.9865496,45.814,0.8
KPITTECH,2026-10-02T16:08:58+00:00,Technology,,0.08839,0.089,-0.318,23.098593,3.7825203,23.624,1.52
KPRMILL,2026-10-02T16:08:58+00:00,Consumer Cyclical,,0.13378,0.096,0.215,40.041245,6.4066186,10.463,0.47
KSB,2026-09-30T16:15:28+00:00,Industrials,0.15192,0.09007,0.036,-0.186,60.71631,8.768282,0.371,0.53
LALPATHLAB,2026-09-29T09:56:11+00:00,Healthcare,,0.18745,0.191,0.278,60.302376,13.0112915,7.83,1.03
LAURUSLABS,2026-10-02T16:08:58+00:00,Healthcare,,0.1504,0.291,1.252,98.02372,20.20881,46.369,0.12
LEMONTREE,2026-09-29T09:56:11+00:00,Consumer Cyclical,,0.15843001,0.092,0.208,35.749138,5.9181933,96.367,
LENSKART,2026-10-02T16:08:58+00:00,Healthcare,,0.06803,0.433,2.581,183.02388,13.710879,34.983,
LGEINDIA,2026-10-02T16:08:58+00:00,Technology,,0.07135,0.155,0.272,63.7379,15.159431,5.99,
LICHSGFIN,2026-10-02T16:08:58+00:00,Financial Services,,0.65177,0.145,0.099,4.8778152,0.675909,642.522,1.96
LICI,2026-10-02T16:08:58+00:00,Financial Services,,0.06515,0.068,0.4,8.25121,2.8067677,0.431,2.55
LINDEINDIA,2026-10-02T16:08:58+00:00,Basic Materials,,0.20587,0.216,-0.025,96.37918,12.397206,1.85,0.06
LLOYDSME,2026-10-02T16:08:58+00:00,Basic Materials,,0.21511999,2.086,1.693,20.78468,7.222004,145.214,0.06
LODHA,2026-09-29T09:56:11+00:00,Real Estate,,0.22692,0.431,1.033,28.305943,4.8023505,42.238,0.38
LT,2026-09-29T09:56:11+00:00,Industrials,,0.05588,0.081,0.14,31.165783,4.727806,97.64,1.01
LTF,2026-10-02T16:08:58+00:00,Financial Services,,0.33076,0.293,0.282,20.880728,2.358457,393.442,1.04
LTFOODS,2026-09-29T09:56:11+00:00,Consumer Defensive,,0.05485,0.264,0.089,22.554623,7.843978,35.617,0.98
LTM,2026-09-29T09:56:11+00:00,Technology,0.21966,0.118669994,0.18,0.169,22.666742,4.8335447,9.874,1.83
LTTS,2026-10-02T16:08:58+00:00,Technology,,0.11684,0.026,0.128,27.193563,5.3697495,8.911,1.77
LUPIN,2026-10-02T16:08:58+00:00,Healthcare,,0.18450001,0.32,0.16,16.835474,4.13672,29.388,0.89
M&M,2026-09-29T09:56:11+00:00,Consumer Cyclical,,0.08609,0.275,0.334,18.237364,3.5473125,125.278,1.1
M&MFIN,2026-10-02T16:08:58+00:00,Financial Services,,0.30887,0.367,0.64,13.646055,1.6687003,429.851,2.35
MAHABANK,2026-10-02T16:08:58+00:00,Financial Services,0.22961001,0.53409,0.218,0.342,8.222676,1.7349513,,2.73
MANAPPURAM,2026-09-29T09:56:11+00:00,Financial Services,,0.30516002,0.801,2.885,19.160048,1.8355738,360.191,1.28
MANKIND,2026-10-02T16:08:58+00:00,Healthcare,,0.13859999,0.129,0.296,51.21212,6.420241,38.111,0.08
MARICO,2026-10-02T16:08:58+00:00,Consumer Defensive,,0.13159999,0.214,0.247,53.77495,24.092688,12.394,0.51
MARUTI,2026-09-29T09:56:11+00:00,Consumer Cyclical,,0.07269,0.359,-0.091,26.256886,3.4967916,0.096,1.17
MAXHEALTH,2026-09-29T09:56:11+00:00,Healthcare,,0.16723,0.167,0.048,66.59864,8.865104,32.367,0.2
MAZDOCK,2026-09-29T09:56:11+00:00,Industrials,,0.20120001,0.121,0.215,32.54917,8.690852,4.481,0.97
MCX,2026-10-02T16:08:58+00:00,Financial Services,,0.5556,0.853,1.034,52.906208,19.378134,0.113,0.25
MEDANTA,2026-10-02T16:08:58+00:00,Healthcare,,0.11875,0.265,-0.002,65.77799,9.20181,29.869,0.04
MEESHO,2026-09-29T09:56:11+00:00,Consumer Cyclical,,-0.08682,0.483,,,23.603708,1.428,
MFSL,2026-10-02T16:08:58+00:00,Financial Services,,0.00221,0.168,0.373,435.0,9.047539,36.453,
MGL,2026-09-29T09:56:11+00:00,Utilities,,0.08382,0.139,-0.393,14.479425,1.6114953,3.461,3.43
MINDACORP,2026-09-29T09:56:11+00:00,Consumer Cyclical,,0.07539,0.332,2.158,31.932795,5.9754543,55.351,0.24
MMTC,2026-09-29T09:56:11+00:00,Industrials,,163.86812,-0.5,1.3,19.104378,4.0144334,0.114,
MOTHERSON,2026-09-29T09:56:11+00:00,Consumer Cyclical,,0.033570003,0.166,1.042,38.20755,4.1632404,43.908,0.31
MOTILALOFS,2026-10-02T16:08:58+00:00,Financial Services,,0.22963,0.239,0.087,30.732693,4.6227202,165.8,1.11
MPHASIS,2026-10-02T16:08:58+00:00,Technology,0.17743999,0.115559995,0.175,0.107,22.522268,3.7878518,24.675,2.76
MRF,2026-10-02T16:08:58+00:00,Consumer Cyclical,,0.075840004,0.096,-0.01,21.658667,2.4977267,15.288,0.38
MRPL,2026-09-29T09:56:11+00:00,Energy,,0.028670002,1.204,,9.269876,2.1081114,108.059,2.36
MSUMI,2026-09-29T09:56:11+00:00,Consumer Cyclical,,0.05088,0.364,0.0,36.105263,10.521472,10.788,1.67
MTARTECH,2026-09-30T16:15:28+00:00,Industrials,,0.12352,1.304,3.639,181.03088,29.148754,45.778,
MUTHOOTFIN,2026-09-29T09:56:11+00:00,Financial Services,0.31735,0.55502,0.353,0.388,9.706235,2.7182295,393.56,1.09
NAM-INDIA,2026-10-02T16:08:58+00:00,Financial Services,,0.52507997,0.245,0.264,41.491474,14.326019,1.617,2.06
NATCOPHARM,2026-09-29T09:56:11+00:00,Healthcare,,0.32839,-0.447,-0.57,13.31483,1.630344,7.742,0.72
NATIONALUM,2026-10-02T16:08:58+00:00,Basic Materials,,0.34908,0.393,0.911,9.115405,2.846603,0.277,1.19
NAUKRI,2026-10-02T16:08:58+00:00,Communication Services,,0.47402,0.114,0.507,48.54369,2.0501747,0.64,1.2
NAVA,2026-09-29T09:56:11+00:00,Industrials,,0.17541,0.016,-0.1,20.463627,1.7568444,20.684,1.55
NAVINFLUOR,2026-09-29T09:56:11+00:00,Basic Materials,,0.21733,0.441,1.009,54.153767,10.598944,32.091,0.18
NBCC,2026-09-29T09:56:11+00:00,Industrials,,0.05691,-0.059,0.163,29.80451,7.126292,0.008,1.35
NCC,2026-09-29T09:56:11+00:00,Industrials,,0.03261,0.122,0.127,11.4533205,1.0180161,57.389,1.69
NESTLEIND,2026-09-29T09:56:11+00:00,Consumer Defensive,,0.15623,0.252,0.481,67.59615,49.945778,8.621,0.89
NETWEB,2026-09-29T09:56:11+00:00,Technology,,0.096470006,1.721,1.784,100.281876,36.314953,39.019,0.07
NEULANDLAB,2026-09-29T09:56:11+00:00,Healthcare,,0.20987,1.192,9.628,56.286068,14.619923,16.072,0.16
NH,2026-09-29T09:56:11+00:00,Healthcare,,0.08996,0.78,0.054,43.884624,7.934199,129.033,0.25
NHPC,2026-10-02T16:08:58+00:00,Utilities,,0.31094998,0.185,0.028,26.282051,1.7436633,113.111,2.24
NIACL,2026-10-02T16:08:58+00:00,Financial Services,,0.0148599995,0.015,,35.69488,0.6853011,,0.94
NLCINDIA,2026-10-02T16:08:58+00:00,Utilities,,0.17458001,0.233,-0.423,10.646316,1.6287473,110.358,1.52
NMDC,2026-10-02T16:08:58+00:00,Basic Materials,,0.23216999,0.008,0.004,8.8018875,1.9230175,18.802,2.68
NSLNISP,2026-09-29T09:56:11+00:00,Basic Materials,,0.006,0.088,1.111,148.85715,0.9253791,35.019,
NTPC,2026-09-29T09:56:11+00:00,Utilities,,0.14531,0.078,0.118,9.938838,1.5517274,128.345,3.85
NTPCGREEN,2026-10-02T16:08:58+00:00,Utilities,,0.18476,0.627,0.385,126.72221,4.1217923,165.281,
NUVAMA,2026-09-29T09:56:11+00:00,Financial Services,,0.28107,0.225,0.156,28.40495,7.29789,282.325,1.71
NUVOCO,2026-09-29T09:56:11+00:00,Basic Materials,,0.03329,0.089,0.198,31.463299,1.1524414,48.061,
NYKAA,2026-10-02T16:08:58+00:00,Consumer Cyclical,,0.02405,0.291,2.5,365.11237,64.7053,82.829,
OBEROIRLTY,2026-10-02T16:08:58+00:00,Real Estate,,0.41592997,0.317,0.289,24.238153,3.5598135,15.765,0.46
OFSS,2026-10-02T16:08:58+00:00,Technology,0.49897,0.38154,0.687,1.202,26.631227,13.09733,0.567,6.38
OIL,2026-10-02T16:08:58+00:00,Energy,,0.21685,0.577,0.914,8.643177,1.2450297,58.741,2.93
OLAELEC,2026-09-29T09:56:11+00:00,Consumer Cyclical,,-0.92606,-0.45,,,4.9504824,82.453,
OLECTRA,2026-09-29T09:56:11+00:00,Industrials,,0.06984,0.657,-0.003,52.600643,7.605125,30.841,0.05
ONESOURCE,2026-09-29T09:56:11+00:00,Healthcare,,-0.0315,0.372,,,3.1058338,25.791,
ONGC,2026-09-29T09:56:11+00:00,Energy,,0.06181,0.257,0.214,6.8076463,0.7772927,42.548,6.3
PAGEIND,2026-10-02T16:08:58+00:00,Consumer Cyclical,,0.14126,0.079,-0.04,54.05405,27.212923,18.422,2.18
PARADEEP,2026-09-29T09:56:11+00:00,Basic Materials,,0.04575,0.631,0.208,14.791102,2.339033,101.822,0.96
PATANJALI,2026-10-02T16:08:58+00:00,Consumer Defensive,,0.046090003,0.274,0.861,19.610712,2.9480367,21.295,1.14
PAYTM,2026-10-02T16:08:58+00:00,Technology,,0.07249,0.277,0.799,163.96039,6.6247687,1.073,
PCBL,2026-09-29T09:56:11+00:00,Basic Materials,,0.030269999,0.17,0.589,51.2093,3.2438962,124.132,1.35
PERSISTENT,2026-10-02T16:08:58+00:00,Technology,0.25203,0.12236,0.291,0.121,43.858788,9.973223,6.94,0.67
PETRONET,2026-10-02T16:08:58+00:00,Energy,,0.113199994,-0.532,0.351,10.181883,1.9213428,10.507,3.5
PFC,2026-09-29T09:56:11+00:00,Financial Services,,0.54484004,0.008,0.021,4.128452,0.75246125,536.837,4.73
PFOCUS,2026-09-29T09:56:11+00:00,Communication Services,,0.02349,0.238,,228.63309,11.822037,224.567,
PGEL,2026-09-29T09:56:11+00:00,Technology,,0.03537,0.353,0.137,71.0,4.6583557,19.567,0.05
PHOENIXLTD,2026-10-02T16:08:58+00:00,Real Estate,,0.28164,0.128,0.233,53.94075,6.2803645,37.211,0.13
PIDILITIND,2026-09-29T09:56:11+00:00,Basic Materials,,0.17202,0.213,0.296,57.6965,13.932032,3.776,0.77
PIIND,2026-10-02T16:08:58+00:00,Basic Materials,,0.17879999,-0.104,-0.389,29.114582,3.0204787,3.048,0.67
PINELABS,2026-09-29T09:56:11+00:00,Technology,,0.044949997,0.196,2.644,159.37383,3.3020291,7.474,
PIRAMALFIN,2026-09-29T09:56:11+00:00,Financial Services,0.06038,0.32198003,0.021,0.671,27.879845,1.6350586,286.781,0.51
PNB,2026-09-29T09:56:11+00:00,Financial Services,0.14965999,0.38147,-0.064,1.75,6.09375,0.83128756,,2.66
PNBHOUSING,2026-09-29T09:56:11+00:00,Financial Services,,0.61353,0.058,0.043,12.368925,1.4871794,287.733,0.74
POLICYBZR,2026-10-02T16:08:58+00:00,Financial Services,,0.102019995,0.401,0.923,65.77181,6.1941032,4.922,
POLYCAB,2026-10-02T16:08:58+00:00,Industrials,0.25549,0.09184,0.39,0.325,42.443558,9.94605,1.738,0.59
POLYMED,2026-09-29T09:56:11+00:00,Healthcare,,0.15774,0.303,-0.075,55.264767,5.3129835,11.227,0.21
POONAWALLA,2026-09-29T09:56:11+00:00,Financial Services,,0.22666,1.003,3.37,48.01846,3.4530816,468.058,
POWERGRID,2026-09-29T09:56:11+00:00,Utilities,,0.33797002,0.027,-0.008,13.254408,2.4349613,150.813,3.91
POWERINDIA,2026-10-02T16:08:58+00:00,Industrials,,0.12555,0.686,1.235,121.95027,26.945126,1.663,0.03
PPLPHARMA,2026-09-29T09:56:11+00:00,Healthcare,,-0.03407,0.174,,,3.3713255,69.977,0.08
PREMIERENE,2026-10-02T16:08:58+00:00,Technology,,0.19667,0.353,0.53,23.36482,9.182991,86.005,0.17
PRESTIGE,2026-10-02T16:08:58+00:00,Real Estate,0.07752,0.08725,0.159,-0.193,56.185253,3.9335835,105.493,0.13
PRIVISCL,2026-09-30T16:15:28+00:00,Basic Materials,,0.13096,0.192,0.36,41.406143,9.919216,74.399,0.28
PTCIL,2026-09-29T09:56:11+00:00,Industrials,,0.18008,0.974,4.657,270.57193,22.308329,17.341,
PVRINOX,2026-09-29T09:56:11+00:00,Communication Services,,0.0652,0.104,,41.65028,1.5805104,91.874,
PWL,2026-09-29T09:56:11+00:00,Consumer Defensive,,0.00497,0.239,,1783.7142,7.955907,23.018,
RADICO,2026-10-02T16:08:58+00:00,Consumer Defensive,,0.11297,0.118,0.76,80.874214,17.110136,15.033,0.21
RAILTEL,2026-09-29T09:56:11+00:00,Communication Services,0.16254,0.08096,0.276,0.252,24.438677,3.6760843,2.817,1.27
RAINBOW,2026-09-29T09:56:11+00:00,Healthcare,,0.1568,0.332,0.133,48.090164,8.3437,53.558,0.25
RAMCOCEM,2026-09-29T09:56:11+00:00,Basic Materials,,0.06988,0.096,-0.633,31.086637,2.4722571,47.897,0.29
RBLBANK,2026-09-29T09:56:11+00:00,Financial Services,,0.11102,-0.062,-0.117,33.34571,1.4915485,,0.25
RECLTD,2026-09-29T09:56:11+00:00,Financial Services,,0.6889,0.252,-0.061,5.043301,0.92871416,607.463,2.04
REDINGTON,2026-09-29T09:56:11+00:00,Technology,,0.013259999,0.346,0.767,18.56815,3.1130261,27.26,1.48
RELIANCE,2026-09-29T09:56:11+00:00,Energy,,0.066149995,0.297,-0.224,22.044907,1.7783234,36.653,0.5
RHIM,2026-09-29T09:56:11+00:00,Industrials,,-0.0868,0.056,1.216,,2.2775912,12.595,0.65
RITES,2026-09-29T09:56:11+00:00,Industrials,,0.16983,0.087,0.084,22.412865,3.440395,0.236,5.61
RKFORGE,2026-09-29T09:56:11+00:00,Industrials,,0.02408,0.198,2.892,121.96062,3.918672,74.422,0.28
RPOWER,2026-09-29T09:56:11+00:00,Utilities,,-0.041199997,0.038,0.472,,0.5079676,92.348,
RRKABEL,2026-09-29T09:56:11+00:00,Industrials,,0.0561,0.539,1.285,47.226784,11.125609,13.092,0.45
RUBICON,2026-09-30T16:15:28+00:00,Healthcare,,0.14889,0.516,0.821,93.17607,20.743721,24.131,0.09
RVNL,2026-10-02T16:08:58+00:00,Industrials,,0.0432,0.106,0.169,46.68247,4.1819687,49.078,1.74
SAGILITY,2026-09-29T09:56:11+00:00,Healthcare,,0.13036,0.276,0.438,20.113209,2.031637,11.497,0.46
SAIL,2026-10-02T16:08:58+00:00,Basic Materials,,0.03844,0.013,1.211,17.53769,1.1951972,52.899,1.35
SAILIFE,2026-09-29T09:56:11+00:00,Healthcare,,0.16075,0.117,0.208,91.635185,13.214438,11.614,
SAMMAANCAP,2026-09-29T09:56:11+00:00,Financial Services,,0.0,-0.245,-0.5,,0.5858931,273.033,
SANSERA,2026-09-30T16:15:28+00:00,Consumer Cyclical,,0.09284,0.333,0.383,87.68116,9.145788,19.023,0.09
SARDAEN,2026-09-29T09:56:11+00:00,Basic Materials,,0.19941,-0.015,0.054,15.346838,2.3925161,35.204,0.4
SBICARD,2026-10-02T16:08:58+00:00,Financial Services,,0.18199,0.234,0.195,23.53531,3.4096553,280.206,0.44
SBILIFE,2026-09-29T09:56:11+00:00,Financial Services,0.13703,0.021389998,0.188,0.218,67.0416,8.672773,,0.16
SBIN,2026-09-29T09:56:11+00:00,Financial Services,0.15177,0.22376,0.103,0.099,10.547601,1.4322203,,1.8
SCHAEFFLER,2026-10-02T16:08:58+00:00,Consumer Cyclical,0.21645,0.119320005,0.173,0.13,48.23838,9.837319,0.783,0.9
SCHNEIDER,2026-09-29T09:56:11+00:00,Industrials,,0.06292,0.048,-0.698,153.55298,36.649296,70.795,
SCI,2026-09-29T09:56:11+00:00,Industrials,,0.25642002,0.403,0.75,7.8339086,1.3929979,29.454,2.76
SHREECEM,2026-09-29T09:56:11+00:00,Basic Materials,,0.07445,0.18,-0.177,48.943047,3.3820572,8.013,0.63
SHRIPISTON,2026-09-30T16:15:28+00:00,Consumer Cyclical,,0.11332,0.531,0.08,36.445297,7.0660925,65.22,0.21
SHRIRAMFIN,2026-09-29T09:56:11+00:00,Financial Services,0.18495001,0.50009996,0.428,0.295,17.5292,2.784446,276.215,1.41
SHYAMMETL,2026-09-29T09:56:11+00:00,Basic Materials,,0.057350002,0.235,0.207,26.465792,2.6495304,8.133,0.42
SIEMENS,2026-09-29T09:56:11+00:00,Industrials,,0.19017,0.148,4.061,80.126854,9.752006,2.213,0.48
SIGNATURE,2026-09-29T09:56:11+00:00,Real Estate,,0.45731997,-0.362,,10.144819,5.7212214,161.04,
SJVN,2026-10-02T16:08:58+00:00,Utilities,,0.12771,0.52,-0.017,32.897728,1.5991383,226.528,2.59
SOBHA,2026-09-29T09:56:11+00:00,Real Estate,,0.04106,0.5,2.74,56.21584,2.7502458,24.62,0.49
SOLARINDS,2026-09-29T09:56:11+00:00,Basic Materials,,0.17543,0.703,0.927,86.52367,27.562782,23.271,0.06
SONACOMS,2026-09-29T09:56:11+00:00,Consumer Cyclical,,0.14212,0.524,0.443,75.07279,8.575334,7.213,0.45
SRF,2026-10-02T16:08:58+00:00,Industrials,,0.12715,0.318,0.756,34.10425,5.2480483,36.195,0.4
STARHEALTH,2026-09-29T09:56:11+00:00,Financial Services,0.07507,0.03619,14.078,1.096,47.515446,3.1235492,,
STLTECH,2026-09-30T16:15:28+00:00,Technology,,0.04306,0.874,17.55,198.23529,19.583324,85.626,
SUMICHEM,2026-09-29T09:56:11+00:00,Basic Materials,,0.17858,0.006,0.204,38.20922,6.346729,1.865,0.3
SUNDARMFIN,2026-10-02T16:08:58+00:00,Financial Services,,0.4609,0.268,0.338,21.814754,3.2802296,409.161,0.91
SUNPHARMA,2026-09-29T09:56:11+00:00,Healthcare,,0.20188999,0.105,0.274,37.0074,5.311437,5.517,0.87
SUNTV,2026-09-29T09:56:11+00:00,Communication Services,,0.33966,0.13,0.17,14.325089,1.7296721,0.837,3.85
SUPREMEIND,2026-10-02T16:08:58+00:00,Industrials,,0.09115,0.042,0.387,41.676945,6.95973,1.473,1.07
SUZLON,2026-10-02T16:08:58+00:00,Industrials,0.39366,0.18090001,0.225,-0.083,16.991266,5.470266,2.807,
SWANCORP,2026-09-29T09:56:11+00:00,Industrials,,0.053590003,-0.164,,40.16312,1.1776915,24.561,0.05
SWIGGY,2026-10-02T16:08:58+00:00,Consumer Cyclical,,-0.1505,0.373,,,3.3866951,13.929,
SYNGENE,2026-09-29T09:56:11+00:00,Healthcare,,0.061389998,-0.158,,66.53006,3.0335119,9.473,0.33
SYRMA,2026-09-29T09:56:11+00:00,Technology,,0.06737,0.683,0.86,86.51329,11.309758,13.045,0.09
TARIL,2026-09-29T09:56:11+00:00,Industrials,,0.10132,0.081,-0.085,31.682081,5.3131056,29.595,0.09
TATACAP,2026-09-29T09:56:11+00:00,Financial Services,,0.39678,0.403,0.472,26.681454,3.041963,502.931,0.17
TATACHEM,2026-09-29T09:56:11+00:00,Basic Materials,,-0.14319,0.144,,,0.7352808,36.081,1.71
TATACOMM,2026-10-02T16:08:58+00:00,Communication Services,,0.0372,0.105,-0.294,50.89976,13.938107,335.854,1.04
TATACONSUM,2026-09-29T09:56:11+00:00,Consumer Defensive,,0.078379996,0.119,0.279,58.207146,4.36473,12.159,1.04
TATAELXSI,2026-10-02T16:08:58+00:00,Technology,,0.1674,0.145,0.181,29.410421,6.3350697,5.336,2.42
TATAINVEST,2026-10-02T16:08:58+00:00,Financial Services,,1.05248,0.041,-0.018,72.43816,1.0648484,0.007,0.55
TATAPOWER,2026-09-29T09:56:11+00:00,Utilities,,0.060890004,0.056,0.109,30.096884,2.8917058,168.051,0.69
TATASTEEL,2026-09-29T09:56:11+00:00,Basic Materials,,0.04602,0.143,0.114,21.47831,2.2989416,89.017,2.15
TATATECH,2026-09-29T09:56:11+00:00,Technology,,0.094,0.338,0.062,49.709934,7.093336,23.908,1.18
TBOTEK,2026-09-29T09:56:11+00:00,Consumer Cyclical,,0.08561,0.811,0.323,68.19179,11.573314,48.762,
TCS,2026-09-29T09:56:11+00:00,Technology,0.47743,0.18052,0.139,0.046,14.954337,6.754803,10.211,3.14
TDPOWERSYS,2026-09-30T16:15:28+00:00,Industrials,,0.12945,0.721,0.72,93.02367,22.914236,1.689,0.14
TECHM,2026-09-29T09:56:11+00:00,Technology,,0.086780004,0.177,0.283,26.494452,4.5698667,7.269,3.31
TECHNOE,2026-09-29T09:56:11+00:00,Industrials,,0.12845,0.198,-0.315,27.241426,2.8211968,1.744,0.71
TEGA,2026-09-29T09:56:11+00:00,Industrials,,0.00691,3.84,,569.94476,4.549323,11.693,0.1
TEJASNET,2026-09-29T09:56:11+00:00,Technology,,-0.70371,0.991,,,2.9670396,142.52,0.42
TENNIND,2026-09-29T09:56:11+00:00,Consumer Cyclical,,0.10609,0.201,-0.459,34.31023,17.173605,4.289,
THANGAMAYL,2026-09-30T16:15:28+00:00,Consumer Cyclical,,0.040700004,0.712,0.861,40.19055,11.11138,64.492,0.35
THERMAX,2026-10-02T16:08:58+00:00,Industrials,,0.05474,0.071,-0.834,63.553833,6.8074546,42.166,0.42
TIINDIA,2026-10-02T16:08:58+00:00,Industrials,,0.02626,0.168,-0.153,75.75267,5.8429885,5.363,0.15
TIMKEN,2026-09-29T09:56:11+00:00,Industrials,,0.118389994,0.166,0.148,54.204407,7.938732,0.5,0.08
TITAGARH,2026-09-29T09:56:11+00:00,Industrials,,0.06072,0.126,0.67,56.383713,4.521857,25.363,0.12
TITAN,2026-09-29T09:56:11+00:00,Consumer Cyclical,,0.062319998,0.293,0.628,71.76471,26.555025,195.001,0.31
TMCV,2026-09-29T09:56:11+00:00,Consumer Cyclical,,0.04809,0.193,0.834,38.55864,12.454816,44.095,0.92
TMPV,2026-09-29T09:56:11+00:00,Consumer Cyclical,,0.22814,-0.082,-0.803,,0.91822857,70.364,1.06
TORNTPHARM,2026-09-29T09:56:11+00:00,Healthcare,,0.13874,0.548,-0.082,79.23348,19.935284,85.446,0.78
TORNTPOWER,2026-10-02T16:08:58+00:00,Utilities,,0.079629995,0.028,-0.127,27.065712,3.2967818,70.885,1.61
TRENT,2026-09-29T09:56:11+00:00,Consumer Cyclical,,0.08637,0.178,0.207,78.659676,20.027025,36.034,0.15
TRIDENT,2026-09-29T09:56:11+00:00,Consumer Cyclical,,0.05829,0.047,0.148,29.09091,2.393674,38.323,4.36
TRITURBINE,2026-09-29T09:56:11+00:00,Industrials,,0.14930001,0.192,-0.212,51.161472,11.894361,2.476,0.73
TTML,2026-09-29T09:56:11+00:00,Communication Services,,0.03187,0.061,,176.1,-0.3445476,,
TVSMOTOR,2026-09-29T09:56:11+00:00,Consumer Cyclical,,0.05691,0.343,0.671,56.953278,20.465338,306.09,0.29
UBL,2026-10-02T16:08:58+00:00,Consumer Defensive,,0.0419,0.071,-0.095,78.8785,6.907679,29.076,0.84
UCOBANK,2026-09-29T09:56:11+00:00,Financial Services,0.08541001,0.21541001,0.53,0.083,10.463636,0.8538259,,1.89
ULTRACEMCO,2026-09-29T09:56:11+00:00,Basic Materials,,0.092930004,0.159,0.168,37.389236,4.162601,29.432,2.18
UNIONBANK,2026-09-29T09:56:11+00:00,Financial Services,0.15798001,0.40460998,0.164,0.274,6.338757,0.93779063,,2.91
UNITDSPR,2026-09-29T09:56:11+00:00,Consumer Defensive,,0.14917,-0.102,0.112,58.03196,10.944651,4.611,1.2
UNOMINDA,2026-10-02T16:08:58+00:00,Consumer Cyclical,,0.05801,0.238,0.012,53.464867,10.270016,37.74,0.24
UPL,2026-10-02T16:08:58+00:00,Basic Materials,,0.03825,0.105,,21.180328,1.2573965,57.128,1.16
URBANCO,2026-09-29T09:56:11+00:00,Technology,,-0.19415002,0.436,,,11.7366905,6.335,
USHAMART,2026-09-29T09:56:11+00:00,Basic Materials,,0.13215,0.164,0.408,28.39531,4.5757933,6.922,0.74
UTIAMC,2026-09-29T09:56:11+00:00,Financial Services,,0.26583,0.067,0.24,24.66892,2.4978602,3.129,4.47
VAML,2026-09-30T16:15:28+00:00,Basic Materials,,0.56257,0.46,2.163,41.87627,,,3.68
VBL,2026-09-29T09:56:11+00:00,Consumer Defensive,0.16853,0.14035,0.204,0.157,43.145,6.7030735,15.869,0.47
VEDL,2026-09-29T09:56:11+00:00,Basic Materials,,0.23205,-0.373,0.722,11.657634,2.0297902,48.044,13.13
VEDPOWER,2026-09-30T16:15:28+00:00,Utilities,0.00875,0.0060900003,0.31,,,2.88146,,
VIJAYA,2026-09-29T09:56:11+00:00,Healthcare,,0.21874,0.228,0.373,81.233475,15.851968,44.15,0.13
VISL,2026-09-30T16:15:28+00:00,Basic Materials,,0.64225,0.123,,,-4.3589745,,
VMM,2026-10-02T16:08:58+00:00,Consumer Cyclical,,0.0661,0.187,0.25,52.368423,6.260618,26.817,
VOGL,2026-09-30T16:15:28+00:00,Basic Materials,,4.20828,0.089,,,-0.1631541,,
VOLTAS,2026-10-02T16:08:58+00:00,Consumer Cyclical,,0.02999,0.187,0.52,77.49815,5.4654336,15.51,0.38
VTL,2026-09-29T09:56:11+00:00,Consumer Cyclical,,0.08324,0.133,0.492,17.721008,1.427133,17.52,0.92
WAAREEENER,2026-10-02T16:08:58+00:00,Technology,,0.12703,0.792,0.142,17.676386,4.659517,21.402,0.17
WELCORP,2026-09-29T09:56:11+00:00,Basic Materials,,0.13348,0.149,1.983,32.146286,8.104254,25.042,0.18
WELSPUNLIV,2026-09-29T09:56:11+00:00,Consumer Cyclical,,0.02795,0.237,0.837,77.637924,4.3915424,46.501,0.04
WHIRLPOOL,2026-09-29T09:56:11+00:00,Consumer Cyclical,,0.03013,0.121,-0.294,44.24533,2.6733074,8.621,0.55
WIPRO,2026-09-29T09:56:11+00:00,Technology,0.16128999,0.13919,0.106,0.009,12.532962,2.0146832,27.398,4.95
WOCKPHARMA,2026-09-29T09:56:11+00:00,Healthcare,,0.11196,0.259,,86.75546,7.2741394,42.284,
YESBANK,2026-10-02T16:08:58+00:00,Financial Services,0.074650005,0.23185,0.09,0.308,17.436974,1.247445,,
ZEEL,2026-09-29T09:56:11+00:00,Communication Services,,0.025139999,0.045,-0.473,34.976192,0.59370804,2.26,2.61
ZENSARTECH,2026-09-29T09:56:11+00:00,Technology,,0.13362001,0.089,0.009,12.685021,2.0656774,1.68,3.43
ZENTEC,2026-09-29T09:56:11+00:00,Industrials,,0.26845,-0.105,-0.279,80.66434,8.080924,0.95,0.06
ZFCVINDIA,2026-09-29T09:56:11+00:00,Consumer Cyclical,,0.118599996,0.093,-0.146,2.5599947,7.095545,1.485,0.17
ZYDUSLIFE,2026-09-29T09:56:11+00:00,Healthcare,,0.15784,0.22,-0.359,27.094397,4.506113,42.304,0.08
ZYDUSWELL,2026-09-29T09:56:11+00:00,Consumer Defensive,,0.041479997,0.669,-0.07,85.16863,2.7581027,54.974,0.23
