prediction_date,target_date,symbol,rank,score,confidence_score,strategy,signal,reference_price,quantity,planned_capital,expected_return_pct,risk_reward,stop_distance_pct,entry_price,exit_price,return_pct,gross_profit_loss,trading_cost,profit_loss
2026-09-23,2026-09-24,AUROPHARMA,3,83.61989847002384,38.940497145897375,V2_WAITING_FOR_EVIDENCE,SKIP,1721.5,0,0.0,,,,,,,0.0,0.0,0.0
2026-09-23,2026-09-24,LICHSGFIN,1,84.1603726426265,37.65878444109276,V2_WAITING_FOR_EVIDENCE,SKIP,572.5,0,0.0,,,,,,,0.0,0.0,0.0
2026-09-23,2026-09-24,IDFCFIRSTB,7,80.0610732168551,35.99197817071188,V2_WAITING_FOR_EVIDENCE,SKIP,87.9000015258789,0,0.0,,,,,,,0.0,0.0,0.0
2026-09-23,2026-09-24,LAURUSLABS,6,80.0756934396359,35.33528671419143,V2_WAITING_FOR_EVIDENCE,SKIP,2034.0,0,0.0,,,,,,,0.0,0.0,0.0
2026-09-23,2026-09-24,PATANJALI,9,78.5477335083645,34.614126682616444,V2_WAITING_FOR_EVIDENCE,SKIP,409.4500122070313,0,0.0,,,,,,,0.0,0.0,0.0
2026-09-23,2026-09-24,NTPCGREEN,8,78.5573186838611,30.04622063844593,V2_WAITING_FOR_EVIDENCE,SKIP,95.41999816894533,0,0.0,,,,,,,0.0,0.0,0.0
2026-09-23,2026-09-24,MCX,2,83.73443042486724,29.79654683652624,V2_WAITING_FOR_EVIDENCE,SKIP,3374.0,0,0.0,,,,,,,0.0,0.0,0.0
2026-09-23,2026-09-24,MOTILALOFS,5,80.58613247822338,25.868771519630137,V2_WAITING_FOR_EVIDENCE,SKIP,1042.5,0,0.0,,,,,,,0.0,0.0,0.0
2026-09-23,2026-09-24,JSWINFRA,4,82.02274771283648,24.83942939115277,V2_WAITING_FOR_EVIDENCE,SKIP,363.6000061035156,0,0.0,,,,,,,0.0,0.0,0.0
2026-09-23,2026-09-24,APARINDS,10,78.13310961531258,9.200461672877235,V2_WAITING_FOR_EVIDENCE,SKIP,17876.0,0,0.0,,,,,,,0.0,0.0,0.0
2026-09-24,2026-09-25,PATANJALI,2,86.08149176007043,45.19337884322647,V2_WAITING_FOR_EVIDENCE,SKIP,404.8500061035156,0,0.0,,,,,,,0.0,0.0,0.0
2026-09-24,2026-09-25,NTPCGREEN,7,78.99470515048336,40.533331133538354,V2_WAITING_FOR_EVIDENCE,SKIP,95.43000030517578,0,0.0,,,,,,,0.0,0.0,0.0
2026-09-24,2026-09-25,IPCALAB,5,80.015979740732,31.201503817039463,V2_WAITING_FOR_EVIDENCE,SKIP,1997.0999755859373,0,0.0,,,,,,,0.0,0.0,0.0
2026-09-24,2026-09-25,MCX,1,90.30082547892351,28.52870439019622,V2_WAITING_FOR_EVIDENCE,SKIP,3427.699951171875,0,0.0,,,,,,,0.0,0.0,0.0
2026-09-24,2026-09-25,JSWINFRA,3,84.9126646072483,27.999081834302228,V2_WAITING_FOR_EVIDENCE,SKIP,360.7000122070313,0,0.0,,,,,,,0.0,0.0,0.0
2026-09-24,2026-09-25,AUROPHARMA,4,80.86929427170189,27.39390449966413,V2_WAITING_FOR_EVIDENCE,SKIP,1716.0,0,0.0,,,,,,,0.0,0.0,0.0
2026-09-24,2026-09-25,MEDANTA,9,77.2010902378105,26.063737953133845,V2_WAITING_FOR_EVIDENCE,SKIP,1506.199951171875,0,0.0,,,,,,,0.0,0.0,0.0
2026-09-24,2026-09-25,LGEINDIA,10,76.53632683021371,7.738163040405797,V2_WAITING_FOR_EVIDENCE,SKIP,1697.699951171875,0,0.0,,,,,,,0.0,0.0,0.0
2026-09-24,2026-09-25,LICHSGFIN,8,78.35619847005675,1.0666029146734457,V2_WAITING_FOR_EVIDENCE,SKIP,564.25,0,0.0,,,,,,,0.0,0.0,0.0
2026-09-24,2026-09-25,LAURUSLABS,6,79.29669999351312,0.3377266829125004,V2_WAITING_FOR_EVIDENCE,SKIP,2026.199951171875,0,0.0,,,,,,,0.0,0.0,0.0
2026-09-25,2026-09-28,PATANJALI,3,83.64131448712206,41.61985461193989,V2_WAITING_FOR_EVIDENCE,SKIP,403.9500122070313,0,0.0,,,,,,,0.0,0.0,0.0
2026-09-25,2026-09-28,JSL,10,79.0844985809919,36.39233137956303,V2_WAITING_FOR_EVIDENCE,SKIP,748.25,0,0.0,,,,,,,0.0,0.0,0.0
2026-09-25,2026-09-28,LAURUSLABS,9,79.83718964044925,35.10374332963669,V2_WAITING_FOR_EVIDENCE,SKIP,2007.0,0,0.0,,,,,,,0.0,0.0,0.0
2026-09-25,2026-09-28,MAHABANK,6,82.9467977058392,34.99430362019078,V2_WAITING_FOR_EVIDENCE,SKIP,84.87999725341797,0,0.0,,,,,,,0.0,0.0,0.0
2026-09-25,2026-09-28,OBEROIRLTY,2,84.365131889957,27.700310578534328,V2_WAITING_FOR_EVIDENCE,SKIP,1858.5,0,0.0,,,,,,,0.0,0.0,0.0
2026-09-25,2026-09-28,LGEINDIA,7,81.73116327739916,21.88813324569631,V2_WAITING_FOR_EVIDENCE,SKIP,1725.4000244140625,0,0.0,,,,,,,0.0,0.0,0.0
2026-09-25,2026-09-28,LICHSGFIN,8,80.92800298133494,20.96099807952681,V2_WAITING_FOR_EVIDENCE,SKIP,566.0,0,0.0,,,,,,,0.0,0.0,0.0
2026-09-25,2026-09-28,JSWINFRA,5,82.97103446850585,20.37282745746805,V2_WAITING_FOR_EVIDENCE,SKIP,362.0499877929688,0,0.0,,,,,,,0.0,0.0,0.0
2026-09-25,2026-09-28,PHOENIXLTD,1,84.54326692071467,20.34648682498624,V2_WAITING_FOR_EVIDENCE,SKIP,1978.4000244140625,0,0.0,,,,,,,0.0,0.0,0.0
2026-09-25,2026-09-28,MCX,4,83.42721738149874,19.10934452749997,V2_WAITING_FOR_EVIDENCE,SKIP,3324.89990234375,0,0.0,,,,,,,0.0,0.0,0.0
2026-09-28,2026-09-29,PATANJALI,3,81.64131448712205,38.53702624729576,V2_WAITING_FOR_EVIDENCE,SKIP,390.7999877929688,0,0.0,,,,,,,0.0,0.0,0.0
2026-09-28,2026-09-29,JSL,7,78.7844985809919,37.163116300018544,V2_WAITING_FOR_EVIDENCE,SKIP,745.7000122070312,0,0.0,,,,,,,0.0,0.0,0.0
2026-09-28,2026-09-29,PHOENIXLTD,10,77.10993358738133,30.93030501692506,V2_WAITING_FOR_EVIDENCE,SKIP,1952.199951171875,0,0.0,,,,,,,0.0,0.0,0.0
2026-09-28,2026-09-29,LICHSGFIN,2,81.9946696480016,27.983678199047045,V2_WAITING_FOR_EVIDENCE,SKIP,564.1500244140625,0,0.0,,,,,,,0.0,0.0,0.0
2026-09-28,2026-09-29,LGEINDIA,1,83.3644966107325,27.76074011924282,V2_WAITING_FOR_EVIDENCE,SKIP,1730.699951171875,0,0.0,,,,,,,0.0,0.0,0.0
2026-09-28,2026-09-29,OBEROIRLTY,6,79.265131889957,25.50053187000124,V2_WAITING_FOR_EVIDENCE,SKIP,1830.0,0,0.0,,,,,,,0.0,0.0,0.0
2026-09-28,2026-09-29,LAURUSLABS,8,78.5705229737826,15.218261878306514,V2_WAITING_FOR_EVIDENCE,SKIP,2010.699951171875,0,0.0,,,,,,,0.0,0.0,0.0
2026-09-28,2026-09-29,CRISIL,4,81.32743338957508,10.669609563817628,V2_WAITING_FOR_EVIDENCE,SKIP,4650.60009765625,0,0.0,,,,,,,0.0,0.0,0.0
2026-09-28,2026-09-29,PETRONET,5,79.48310367341828,3.9539617888469873,V2_WAITING_FOR_EVIDENCE,SKIP,289.8500061035156,0,0.0,,,,,,,0.0,0.0,0.0
2026-09-28,2026-09-29,IREDA,9,77.9444324796136,2.2956293001500154,V2_WAITING_FOR_EVIDENCE,SKIP,114.81999969482422,0,0.0,,,,,,,0.0,0.0,0.0
2026-09-29,2026-09-30,WELCORP,8,82.85170363243623,23.34498472809935,V2_WAITING_FOR_EVIDENCE,SKIP,2810.0,0,0.0,,,,,,,0.0,0.0,0.0
2026-09-29,2026-09-30,ACUTAAS,5,84.52039153267016,22.30192854322105,V2_WAITING_FOR_EVIDENCE,SKIP,3300.300048828125,0,0.0,,,,,,,0.0,0.0,0.0
2026-09-29,2026-09-30,GESHIP,1,92.02216264338752,21.913227484212168,V2_WAITING_FOR_EVIDENCE,SKIP,1545.0,0,0.0,,,,,,,0.0,0.0,0.0
2026-09-29,2026-09-30,SONACOMS,9,82.30158171001166,19.815532598865456,V2_WAITING_FOR_EVIDENCE,SKIP,825.0499877929688,0,0.0,,,,,,,0.0,0.0,0.0
2026-09-29,2026-09-30,KIRLOSENG,7,83.6485098214147,12.382378862123703,V2_WAITING_FOR_EVIDENCE,SKIP,2420.800048828125,0,0.0,,,,,,,0.0,0.0,0.0
2026-09-29,2026-09-30,SUNTV,2,90.15361630024114,10.52269857766169,V2_WAITING_FOR_EVIDENCE,SKIP,554.9500122070312,0,0.0,,,,,,,0.0,0.0,0.0
2026-09-29,2026-09-30,CASTROLIND,3,88.38169605672446,6.916371760537079,V2_WAITING_FOR_EVIDENCE,SKIP,198.3600006103516,0,0.0,,,,,,,0.0,0.0,0.0
2026-09-29,2026-09-30,ZYDUSLIFE,10,81.94681266219776,6.108486372868485,V2_WAITING_FOR_EVIDENCE,SKIP,1214.0999755859375,0,0.0,,,,,,,0.0,0.0,0.0
2026-09-29,2026-09-30,ICICIAMC,6,84.15453101614553,2.758151156757716,V2_WAITING_FOR_EVIDENCE,SKIP,3220.800048828125,0,0.0,,,,,,,0.0,0.0,0.0
2026-09-29,2026-09-30,MANKIND,4,85.03239335913105,1.919576747480738,V2_WAITING_FOR_EVIDENCE,SKIP,2549.89990234375,0,0.0,,,,,,,0.0,0.0,0.0
2026-09-30,2026-10-01,SUNTV,1,90.87486214144296,87.58208310788415,V2_WAITING_FOR_EVIDENCE,SKIP,605.0,0,0.0,,,,,,,0.0,0.0,0.0
2026-09-30,2026-10-01,MTARTECH,4,85.18917726317665,84.41701680293069,V2_WAITING_FOR_EVIDENCE,SKIP,7797.0,0,0.0,,,,,,,0.0,0.0,0.0
2026-09-30,2026-10-01,CUPID,2,87.72690752310683,39.58094580614829,V2_WAITING_FOR_EVIDENCE,SKIP,311.6499938964844,0,0.0,,,,,,,0.0,0.0,0.0
2026-09-30,2026-10-01,SYRMA,8,84.5476155521485,36.469363984459086,V2_WAITING_FOR_EVIDENCE,SKIP,1782.9000244140625,0,0.0,,,,,,,0.0,0.0,0.0
2026-09-30,2026-10-01,AJANTPHARM,7,84.98171473019669,34.523304352074355,V2_WAITING_FOR_EVIDENCE,SKIP,3620.800048828125,0,0.0,,,,,,,0.0,0.0,0.0
2026-09-30,2026-10-01,MANKIND,10,83.27057393953774,24.472401247523745,V2_WAITING_FOR_EVIDENCE,SKIP,2503.800048828125,0,0.0,,,,,,,0.0,0.0,0.0
2026-09-30,2026-10-01,AZAD,6,85.03821023938755,19.63963977761913,V2_WAITING_FOR_EVIDENCE,SKIP,2963.199951171875,0,0.0,,,,,,,0.0,0.0,0.0
2026-09-30,2026-10-01,TEGA,9,84.28997788391318,14.942971307670735,V2_WAITING_FOR_EVIDENCE,SKIP,2106.699951171875,0,0.0,,,,,,,0.0,0.0,0.0
2026-09-30,2026-10-01,GESHIP,3,87.15207904364401,12.79949345071829,V2_WAITING_FOR_EVIDENCE,SKIP,1560.0,0,0.0,,,,,,,0.0,0.0,0.0
2026-09-30,2026-10-01,CASTROLIND,5,85.1676695755797,1.5093069546747937,V2_WAITING_FOR_EVIDENCE,SKIP,200.5200042724609,0,0.0,,,,,,,0.0,0.0,0.0
2026-10-01,2026-10-05,STLTECH,4,86.5213402289862,92.63648690911285,V2_WAITING_FOR_EVIDENCE,SKIP,955.3499755859376,0,0.0,,,,,,,0.0,0.0,0.0
2026-10-01,2026-10-05,HFCL,7,84.98740114871015,81.76865433226656,V2_WAITING_FOR_EVIDENCE,SKIP,238.3600006103516,0,0.0,,,,,,,0.0,0.0,0.0
2026-10-01,2026-10-05,SUNTV,1,89.72798085371662,71.34544218705383,V2_WAITING_FOR_EVIDENCE,SKIP,599.9000244140625,0,0.0,,,,,,,0.0,0.0,0.0
2026-10-01,2026-10-05,GESHIP,9,83.94282351044481,34.04288286607239,V2_WAITING_FOR_EVIDENCE,SKIP,1530.5999755859375,0,0.0,,,,,,,0.0,0.0,0.0
2026-10-01,2026-10-05,WELSPUNLIV,2,86.87691999218407,32.34597297105363,V2_WAITING_FOR_EVIDENCE,SKIP,239.1699981689453,0,0.0,,,,,,,0.0,0.0,0.0
2026-10-01,2026-10-05,ENGINERSIN,5,85.3383385561571,27.66798068304344,V2_WAITING_FOR_EVIDENCE,SKIP,312.75,0,0.0,,,,,,,0.0,0.0,0.0
2026-10-01,2026-10-05,CUPID,10,83.61221939433419,21.68046492759278,V2_WAITING_FOR_EVIDENCE,SKIP,312.5,0,0.0,,,,,,,0.0,0.0,0.0
2026-10-01,2026-10-05,CASTROLIND,8,84.29241806652537,19.80193867550422,V2_WAITING_FOR_EVIDENCE,SKIP,199.0399932861328,0,0.0,,,,,,,0.0,0.0,0.0
2026-10-01,2026-10-05,MTARTECH,3,86.70829195130543,17.586429563294676,V2_WAITING_FOR_EVIDENCE,SKIP,7797.0,0,0.0,,,,,,,0.0,0.0,0.0
2026-10-01,2026-10-05,TDPOWERSYS,6,85.2931198002679,0.0133021910200397,V2_WAITING_FOR_EVIDENCE,SKIP,792.1500244140625,0,0.0,,,,,,,0.0,0.0,0.0
