area,metric,value,as_of
OHLC/model,evaluation_rows,120,2026-10-06
OHLC/model,close_abs_pct_error,1.886255489097834,2026-10-06
OHLC/model,open_abs_pct_error,0.6877956097219404,2026-10-06
OHLC/model,high_abs_pct_error,1.3408730337205723,2026-10-06
OHLC/model,low_abs_pct_error,1.3855638898904594,2026-10-06
OHLC/model,baseline_close_abs_pct_error,1.8709415269000593,2026-10-06
OHLC/model,direction_accuracy_pct,45.83333333333333,2026-10-06
OHLC/model,recent_5_close_mape_pct,2.2228437130345675,2026-10-06
OHLC/model,recent_5_baseline_close_mape_pct,2.200411959430378,2026-10-06
OHLC/model,recent_5_vs_baseline_improvement_pct,-1.0194342703898185,2026-10-06
OHLC/model,recent_10_close_mape_pct,1.8550380987763613,2026-10-06
OHLC/model,recent_10_baseline_close_mape_pct,1.8361095439815192,2026-10-06
OHLC/model,recent_10_vs_baseline_improvement_pct,-1.0309055283159285,2026-10-06
V1,sessions,12,2026-10-06
V1,net_pnl,-4222.473645826394,2026-10-06
V1,max_drawdown_pct,,2026-10-06
Confidence,rows,70,2026-10-06
Confidence,sessions,7,2026-10-06
Confidence,top_confidence_mape_pct,2.00618201831704,2026-10-06
Confidence,bottom_confidence_mape_pct,1.653880210954417,2026-10-06
Confidence,top_bottom_mape_improvement_pct,-21.30153109210477,2026-10-06
Confidence,top_confidence_direction_pct,42.85714285714285,2026-10-06
Confidence,bottom_confidence_direction_pct,50.0,2026-10-06
Confidence,confidence_promotion_evidence,False,2026-10-06
Ranking challenger,sessions,636,2026-10-06
Ranking challenger,rows,313455,2026-10-06
Ranking challenger,mean_top10_return_lift_pct,0.1856743902116539,2026-10-06
Ranking challenger,positive_rate_lift_pct,1.90251572327044,2026-10-06
Ranking challenger,promotion_evidence,True,2026-10-06
Ranking challenger,production_ready,True,2026-10-06
Ranking challenger,status,promote,2026-10-06
Ranking challenger,recent_5_lift_pct,0.8730391320913812,2026-10-06
Ranking challenger,recent_10_lift_pct,0.4455242414611834,2026-10-06
Ranking challenger,recent_20_lift_pct,0.4502266388200707,2026-10-06
Ranking challenger,recent_5_positive_lift_pct,10.0,2026-10-06
Ranking challenger,recent_10_positive_lift_pct,3.0,2026-10-06
Ranking challenger,recent_20_positive_lift_pct,2.5,2026-10-06
Strategy A/B,common_sessions,0,2026-10-06
Strategy A/B,v2_trades,0,2026-10-06
Strategy A/B,pnl_lift,0.0,2026-10-06
Strategy A/B,return_lift_pct,0.0,2026-10-06
Strategy A/B,session_win_rate_pct,0.0,2026-10-06
Strategy A/B,production_strategy,V1,2026-10-06
Strategy A/B,status,collecting,2026-10-06
