target_date,sessions,predictions_evaluated,stocks_evaluated,open_mape_pct,baseline_open_mape_pct,high_mape_pct,baseline_high_mape_pct,low_mape_pct,baseline_low_mape_pct,close_mape_pct,baseline_close_mape_pct,overall_mape_pct,close_improvement_vs_baseline_pct,direction_accuracy_pct,close_mape_5s_pct,baseline_close_mape_5s_pct,close_improvement_5s_pct,direction_accuracy_5s_pct,close_mape_10s_pct,baseline_close_mape_10s_pct,close_improvement_10s_pct,direction_accuracy_10s_pct,close_mape_20s_pct,baseline_close_mape_20s_pct,close_improvement_20s_pct,direction_accuracy_20s_pct,net_pnl,daily_return_pct,portfolio_value,cumulative_return_pct,drawdown_pct,win_rate_pct,trades,sessions_summary,total_return_pct,max_drawdown_pct,avg_trade_return_pct,profit_factor,learning_rows,learned_model_active
2026-09-18,1,10,10,1.018277371626492,0.878352339947484,1.9426495088517743,2.523670209002229,1.5606033672110808,1.4562725873974174,2.5663448478113007,2.583473075455282,1.771968773875162,0.6629923031407242,70.0,2.5663448478113007,2.583473075455282,0.6629923031407242,70.0,2.5663448478113007,2.583473075455282,0.6629923031407242,70.0,2.5663448478113007,2.583473075455282,0.6629923031407242,70.0,,0.5022532846552583,100502.25328465526,0.5022532846552741,0.0,50.0,10,,,,,,,
2026-09-21,2,10,10,0.9166252335701011,0.7418625079182771,1.316310454961681,0.8678024944609499,1.1809462107675641,2.1999070220310215,1.518340033599097,1.506729807530237,1.2330554832246108,-0.7705579335349401,50.0,2.042342440705199,2.0451014414927595,0.1349077718876658,60.0,2.042342440705199,2.0451014414927595,0.1349077718876658,60.0,2.042342440705199,2.0451014414927595,0.1349077718876658,60.0,,-0.3840944721404152,100118.15881251484,0.1181588125148458,-0.3821749857215062,40.0,10,,,,,,,
2026-09-22,3,10,10,0.29922723119509503,0.241582088614002,1.156445693056869,1.9506644127230819,1.137926114851477,1.5471172973919658,1.649947843687162,1.6098838629536691,1.0608867206976507,-2.488625524824322,20.0,1.9115442416991868,1.9000289153130627,-0.6060605864109557,46.666666666666664,1.9115442416991868,1.9000289153130627,-0.6060605864109557,46.666666666666664,1.9115442416991868,1.9000289153130627,-0.6060605864109557,46.666666666666664,,-0.3686805128336117,99749.47829968124,-0.2505217003187732,-0.7490130423662422,30.0,10,,,,,,,
2026-09-23,4,10,10,0.169452395553808,0.23224760981108403,0.8107058281370739,1.450581067555992,0.866562479953354,1.147798599067885,1.5550245448552986,1.540354950732686,0.8504363121248837,-0.9523515418076177,70.0,1.8224143174882146,1.8101104241679686,-0.6797316426649237,52.5,1.8224143174882146,1.8101104241679686,-0.6797316426649237,52.5,1.8224143174882146,1.8101104241679686,-0.6797316426649237,52.5,,-0.0434784359399736,99705.99986374126,-0.2940001362587319,-0.7922741977324121,60.0,10,,,,,,,
2026-09-24,5,10,10,1.082750020750008,0.825656868696621,1.1385551697965197,1.209686611314761,1.015536131420045,1.8362927320469797,1.3144041347578999,1.3037900271096077,1.1378113641811183,-0.8140963980084095,50.0,1.7208122809421518,1.7088463447562965,-0.700234764967226,52.0,1.7208122809421518,1.7088463447562965,-0.700234764967226,52.0,1.7208122809421518,1.7088463447562965,-0.700234764967226,52.0,,-0.0385325430553975,99667.46732068586,-0.3325326793141459,-0.8306141769827025,40.0,10,,,,,,,
2026-09-25,6,10,10,0.3069318736026,0.3073038565647223,0.5262227710701298,0.9504239343105871,0.985188538630482,1.684208504229245,1.0968923566682391,1.0946020704366037,0.7288088849928627,-0.2092345970734261,40.0,1.4269217827135392,1.4110721437525606,-1.1232337787371058,46.0,1.6168256268964996,1.6064722990363476,-0.6444759655278515,50.0,1.6168256268964996,1.6064722990363476,-0.6444759655278515,50.0,,-0.9354218751248768,98732.045445561,-1.2679545544390105,-1.7613613438899223,10.0,10,,,,,,,
2026-09-28,7,10,10,0.474067492254838,0.4605246501293921,1.127039745925646,0.533235651611788,1.4326132879166458,2.4705029952095803,1.8198935426221745,1.810404731430738,1.213403517179826,-0.5241265130774118,30.0,1.4872324845181546,1.4718071285326608,-1.0480555289110673,42.0,1.6458353291430246,1.6356055036641177,-0.6254457725894025,47.142857142857146,1.6458353291430246,1.6356055036641177,-0.6254457725894025,47.142857142857146,,-1.0631353295243733,97668.9101160366,-2.3310898839633887,-2.819183725755592,10.0,10,,,,,,,
2026-09-29,8,10,10,0.4739433004647407,0.3930295946014261,0.9174071478073359,0.5309241905647789,1.6967560899318928,2.8638945746656033,2.348264087057922,2.343392204697433,1.3590926563154728,-0.207898718393075,50.0,1.6268957331923068,1.6185087968814138,-0.5181891088298821,48.0,1.7336389238823866,1.7240788412932821,-0.5545037941497594,47.5,1.7336389238823866,1.7240788412932821,-0.5545037941497594,47.5,,-2.2280627779762847,95440.84733806032,-4.559152661939681,-5.036111909112506,20.0,5,,,,,,,
2026-09-30,9,10,10,0.9042146661987248,0.7371867458388298,2.7654646519665365,2.844459163335652,2.170732489878908,2.9024116926015457,2.915731076431251,2.9034397023713723,2.189035721118855,-0.4233383613870118,40.0,1.8990370395074971,1.891125747209151,-0.4183377181565726,42.0,1.8649824963878163,1.8551189369686254,-0.5316941799596185,46.666666666666664,1.8649824963878163,1.8551189369686254,-0.5316941799596185,46.666666666666664,,1.5163994140625,96957.24675212282,-3.0427532478771724,-3.5272905996364345,60.0,5,,,,,,,
2026-10-01,10,10,10,0.8737625886733831,1.08157503430674,1.3526508064300942,1.2814162214318632,1.9232006359368743,3.2412610464262284,1.631629144509392,1.412354270297483,1.445310793887436,-15.525486687254704,50.0,1.9624820414577957,1.912838595846726,-2.595276241229063,42.0,1.8416471611999736,1.8108424703015111,-1.7011248302196829,47.0,1.8416471611999736,1.8108424703015111,-1.7011248302196829,47.0,,-0.7848299102783204,96172.4168418445,-3.827583158155501,-4.308198374963046,20.0,5,,,,,,,
2026-10-05,11,10,10,0.6685087442470821,0.5991750061337362,1.7845147883383643,3.1139755547260823,1.137454616847899,1.9676376868972747,2.486949359799406,2.6370095362689123,1.5193568773081878,5.690543564807339,40.0,2.2404934420840292,2.221320089013188,-0.8631512930385021,42.0,1.833707612398784,1.8161961163828741,-0.9641853023442066,44.0,1.9003109974362857,1.8859485672076384,-0.7615494122362294,46.36363636363637,,0.3893098297119141,96561.72667155642,-3.4382733284435862,-3.920834095070469,40.0,5,,,,,,,
