dimension,bucket,rows,sessions,direction_accuracy_pct,close_mape_pct,baseline_close_mape_pct,mape_improvement_pct
prediction_spread,nan,140,14,43.57142857142857,1.9608270199649676,1.94367093056625,-0.8826642992350255
prediction_spread,LOW,4,1,25.0,0.773112728596095,0.7428951689113725,-4.067540206110489
prediction_spread,HIGH,3,1,100.0,0.9932661171937633,1.0357583584756902,4.102524583481232
prediction_spread,MEDIUM,3,1,33.33333333333333,2.357264027204443,2.3196815066745065,-1.6201586477194778
rank_bucket,TOP10,75,15,41.333333333333336,1.747703446183075,1.74977692813101,0.11849978786437976
rank_bucket,TOP5,75,15,46.666666666666664,2.087760875719251,2.052247479207271,-1.7304636439703622
sector,INDUSTRIALS,36,14,47.22222222222222,1.8763185832702587,1.7836957588898406,-5.192747917843675
sector,HEALTHCARE,29,12,37.93103448275862,1.1831985678280608,1.1829224302761296,-0.023343673673231705
sector,FINANCIAL SERVICES,27,12,37.03703703703704,2.0842520415679293,2.0424270423970246,-2.0478087247522088
sector,TECHNOLOGY,19,13,63.1578947368421,2.438901959171206,2.5616537740624605,4.791897177290497
sector,CONSUMER DEFENSIVE,13,11,69.23076923076923,2.1992332665767456,2.2487727485067155,2.2029563442044706
sector,BASIC MATERIALS,5,4,0.0,1.315286375403316,1.253022882306538,-4.969062734286601
sector,COMMUNICATION SERVICES,5,5,20.0,3.4115449741764103,3.3791074121526243,-0.9599446856032907
sector,ENERGY,5,5,20.0,2.027302427920506,1.993564137750388,-1.692360407736332
sector,CONSUMER CYCLICAL,4,4,25.0,2.1708134378059873,2.0927793490824573,-3.72872987100827
sector,REAL ESTATE,4,2,50.0,1.9384077315548949,1.9411897139133951,0.14331326498180497
sector,UTILITIES,3,3,66.66666666666666,1.4626894336340097,1.4395622522680636,-1.6065426367987041
sector_news,NEUTRAL_OR_MISSING,150,15,44.0,1.9177321609511633,1.9010122036691408,-0.8795291923824216
selection_method,UNKNOWN,140,14,43.57142857142857,1.9608270199649676,1.94367093056625,-0.8826642992350255
selection_method,RANKING_TOP10,10,1,50.0,1.3144041347578999,1.303790027109608,-0.8140963980083923
stock_news,NEUTRAL_OR_MISSING,150,15,44.0,1.9177321609511633,1.9010122036691408,-0.8795291923824216
