symbol,sessions,direction_accuracy_pct,close_mape_pct,baseline_close_mape_pct,mape_improvement_pct,instability_flag,diagnostic
LAURUSLABS,7,28.57142857142857,0.6334183948631714,0.6485761509155914,2.3370819341756337,True,direction_accuracy_below_40pct
AUROPHARMA,6,33.33333333333333,1.05201618934153,1.0551795388848768,0.29979254020503415,True,direction_accuracy_below_40pct
JSWINFRA,6,33.33333333333333,1.917139311469055,1.89556184303292,-1.1383151921654404,True,direction_accuracy_below_40pct
SUNTV,4,25.0,3.572074135548695,3.5631735459213676,-0.24979388493484161,True,direction_accuracy_below_40pct
CASTROLIND,3,33.33333333333333,0.69053267471589,0.6854511813944133,-0.7413355552381411,True,direction_accuracy_below_40pct
CPPLUS,3,33.33333333333333,2.7831194758846833,2.5386395518826297,-9.630351966302179,True,direction_accuracy_below_40pct;close_mape_over_5pct_worse_than_baseline
KOTAKBANK,3,33.33333333333333,1.456852180401503,1.45029332770504,-0.4522431822010695,True,direction_accuracy_below_40pct
MCX,3,33.33333333333333,2.1844828318488365,2.179961107674273,-0.2074222406374717,True,direction_accuracy_below_40pct
MEDANTA,3,33.33333333333333,0.8960649381650633,0.8878390704672899,-0.9265043600124373,True,direction_accuracy_below_40pct
RRKABEL,3,33.33333333333333,1.2948317018920599,1.2587737957972167,-2.8645262727293015,True,direction_accuracy_below_40pct
LICHSGFIN,7,42.857142857142854,0.7904572714546785,0.7789816232917215,-1.473160318527753,False,insufficient_or_no_threshold_breach
PATANJALI,6,50.0,2.2608880918702816,2.237010467268173,-1.0673899363228125,False,insufficient_or_no_threshold_breach
APARINDS,5,80.0,2.429910829211954,2.4741548611747,1.7882482886192346,False,insufficient_or_no_threshold_breach
CUPID,5,80.0,2.4474791487868197,2.5860463128286497,5.358263050218289,False,insufficient_or_no_threshold_breach
GESHIP,5,60.0,1.35170490906289,1.3451758273765901,-0.48537013180152083,False,insufficient_or_no_threshold_breach
LGEINDIA,5,80.0,1.110842947680966,1.12050550745225,0.8623393376489779,False,insufficient_or_no_threshold_breach
IPCALAB,4,50.0,1.025517201473505,1.038203575039535,1.221954332564014,False,insufficient_or_no_threshold_breach
PAYTM,4,75.0,2.3348594099443147,2.3410497879661802,0.2644274399325562,False,insufficient_or_no_threshold_breach
HFCL,3,66.66666666666666,4.398720105033264,4.92687166980737,10.719815740497166,False,insufficient_or_no_threshold_breach
NTPCGREEN,3,66.66666666666666,1.4626894336340097,1.4395622522680636,-1.6065426367987041,False,insufficient_or_no_threshold_breach
STLTECH,3,66.66666666666666,1.6980448415157001,2.037909321989547,16.677114963194136,False,insufficient_or_no_threshold_breach
AZAD,2,50.0,2.009924056190695,2.024107207341015,0.7007114592982299,False,insufficient_or_no_threshold_breach
BBOX,2,50.0,3.696824374302345,3.644464262567065,-1.4367025703360523,False,insufficient_or_no_threshold_breach
BHEL,2,50.0,1.5224588594528101,1.6063729529854,5.223823855888378,False,insufficient_or_no_threshold_breach
GLAND,2,0.0,1.489398997627855,1.4435678647755399,-3.174851281373001,False,insufficient_or_no_threshold_breach
IDFCFIRSTB,2,0.0,2.79784015840739,2.7099424546647897,-3.2435265771528408,False,insufficient_or_no_threshold_breach
JSL,2,0.0,0.8188647932563351,0.7612109586993,-7.573962762641992,False,insufficient_or_no_threshold_breach
LENSKART,2,50.0,2.248902134917005,2.256820862717655,0.35087976770625734,False,insufficient_or_no_threshold_breach
MANKIND,2,50.0,1.551336516855395,1.5359813960667799,-0.9996944512436999,False,insufficient_or_no_threshold_breach
MOTILALOFS,2,0.0,1.6748750226018547,1.62331184630229,-3.1764184076534336,False,insufficient_or_no_threshold_breach
MTARTECH,2,50.0,2.30319994789898,0.9341520773451749,-146.5551384785856,False,insufficient_or_no_threshold_breach
OBEROIRLTY,2,50.0,2.601217653106195,2.59949756933895,-0.06616985480322175,False,insufficient_or_no_threshold_breach
PHOENIXLTD,2,50.0,1.2755978100035952,1.28288185848784,0.5677879405692721,False,insufficient_or_no_threshold_breach
PTCIL,2,50.0,0.58021139130929,0.571777272220385,-1.475070713488272,False,insufficient_or_no_threshold_breach
PWL,2,100.0,1.39365408517095,1.440875681417505,3.277284560740126,False,insufficient_or_no_threshold_breach
SUNDARMFIN,2,100.0,1.5693810072718648,1.587912392466385,1.1670281863432483,False,insufficient_or_no_threshold_breach
TATAINVEST,2,50.0,2.96407985663178,2.81209964015659,-5.404510363179283,False,insufficient_or_no_threshold_breach
TDPOWERSYS,2,0.0,1.4852823223202,1.466244193302485,-1.2984282634964552,False,insufficient_or_no_threshold_breach
WELSPUNLIV,2,0.0,3.5678872758143303,3.527988200863685,-1.130929943044529,False,insufficient_or_no_threshold_breach
ACUTAAS,1,0.0,0.67957412077989,0.63731618914295,-6.630606966656166,False,insufficient_or_no_threshold_breach
AEGISLOG,1,0.0,5.78534041394118,5.63552771410167,-2.6583615135923537,False,insufficient_or_no_threshold_breach
AETHER,1,0.0,0.7955286905765999,0.68248340841404,-16.56381397245325,False,insufficient_or_no_threshold_breach
AJANTPHARM,1,0.0,1.17025735787223,1.11142275420622,-5.293629579145127,False,insufficient_or_no_threshold_breach
CRISIL,1,100.0,3.9534544647627103,3.9658386523735,0.3122715948965235,False,insufficient_or_no_threshold_breach
CYIENT,1,0.0,1.8624438461792299,1.8581317048568,-0.23206865859716733,False,insufficient_or_no_threshold_breach
ENGINERSIN,1,100.0,1.54241025242847,1.59168224763222,3.0955924322864665,False,insufficient_or_no_threshold_breach
GLENMARK,1,100.0,0.54788641914505,0.54949889520202,0.29344482237351843,False,insufficient_or_no_threshold_breach
ICICIAMC,1,0.0,2.68373909883123,2.68116488556165,-0.09601100191346883,False,insufficient_or_no_threshold_breach
IREDA,1,100.0,3.25285761566035,3.25539824274181,0.07804351087074667,False,insufficient_or_no_threshold_breach
KIRLOSENG,1,0.0,5.09055700120652,5.06032897001622,-0.5973530845407168,False,insufficient_or_no_threshold_breach
MAHABANK,1,0.0,5.04594638062807,4.98453785448965,-1.2319803346083222,False,insufficient_or_no_threshold_breach
MEESHO,1,0.0,0.9793453025850299,0.71875398170713,-36.255982924639,False,insufficient_or_no_threshold_breach
NIACL,1,0.0,5.39135221786982,5.0037297273827,-7.746671215391049,False,insufficient_or_no_threshold_breach
PETRONET,1,0.0,2.27957370151368,2.27593943046703,-0.1596822392546784,False,insufficient_or_no_threshold_breach
PNB,1,0.0,1.47789731782236,1.44469344581026,-2.29833340134505,False,insufficient_or_no_threshold_breach
PVRINOX,1,0.0,2.76942832868727,2.64284287707765,-4.789745645022719,False,insufficient_or_no_threshold_breach
REDINGTON,1,0.0,1.87233213574843,1.73773418310155,-7.7456007918683065,False,insufficient_or_no_threshold_breach
SONACOMS,1,100.0,0.56813389701026,0.59638701289533,4.737379465710914,False,insufficient_or_no_threshold_breach
SYRMA,1,0.0,3.88920912207081,3.7836893344343503,-2.788806857797553,False,insufficient_or_no_threshold_breach
TEGA,1,100.0,0.60513665005236,0.63533244714659,4.752755384971385,False,insufficient_or_no_threshold_breach
WELCORP,1,0.0,3.4635994791474203,3.4228928965770997,-1.1892449983178623,False,insufficient_or_no_threshold_breach
ZYDUSLIFE,1,100.0,4.47904987071539,4.48364678020116,0.10252612908912925,False,insufficient_or_no_threshold_breach
