symbol,observations,direction_accuracy_pct,recent_accuracy_pct,mean_return_pct,loss_streak,evidence_weight,symbol_weight,cooldown,confidence_floor,min_expected_return_pct,stop_atr_multiplier,target_stop_multiple,regime,feature_stability_status
ACUTAAS,1,0.0,0.0,-1.6406284667623616,1,0.047619047619047616,0.9095238095238095,False,0.55,0.5,1.25,1.15,NEUTRAL,COLLECTING
AEGISLOG,1,0.0,0.0,-6.2148025014350905,1,0.047619047619047616,0.9095238095238095,False,0.55,0.5,1.25,1.15,NEUTRAL,COLLECTING
AETHER,1,0.0,0.0,0.3649430177473212,1,0.047619047619047616,0.935522724147568,False,0.55,0.5,1.25,1.15,NEUTRAL,COLLECTING
AJANTPHARM,1,0.0,0.0,-0.19509476031215334,1,0.047619047619047616,0.9248553378988161,False,0.55,0.5,1.25,1.15,NEUTRAL,COLLECTING
APARINDS,5,80.0,80.0,0.09427725623633254,0,0.2,1.1875421804989066,False,0.55,0.5,1.25,1.15,NEUTRAL,COLLECTING
AUROPHARMA,6,33.33333333333333,33.33333333333333,0.4966765145331102,2,0.23076923076923078,0.930462447495364,False,0.55,0.5,1.25,1.15,NEUTRAL,COLLECTING
AZAD,2,50.0,50.0,-2.060027066535996,1,0.09090909090909091,0.9636363636363636,False,0.55,0.5,1.25,1.15,NEUTRAL,COLLECTING
BBOX,1,0.0,0.0,-4.933408680025664,1,0.047619047619047616,0.9095238095238095,False,0.55,0.5,1.25,1.15,NEUTRAL,COLLECTING
BHEL,2,50.0,50.0,1.009977653587324,1,0.09090909090909091,1.0363636363636364,False,0.55,0.5,1.25,1.15,NEUTRAL,COLLECTING
CASTROLIND,3,33.33333333333333,33.33333333333333,-0.01921042602635407,2,0.13043478260869565,0.933780325598625,False,0.55,0.5,1.25,1.15,NEUTRAL,COLLECTING
CPPLUS,2,0.0,0.0,-0.7788229223278986,2,0.09090909090909091,0.8353155300971673,False,0.55,0.5,1.25,1.15,NEUTRAL,COLLECTING
CRISIL,1,100.0,100.0,-3.598982650979199,0,0.047619047619047616,1.0523809523809524,False,0.55,0.5,1.25,1.15,NEUTRAL,COLLECTING
CUPID,4,75.0,75.0,1.6285222054584796,0,0.16666666666666666,1.1916666666666667,False,0.55,0.5,1.25,1.15,NEUTRAL,COLLECTING
CYIENT,1,0.0,0.0,-1.8242350156597364,1,0.047619047619047616,0.9095238095238095,False,0.55,0.5,1.25,1.15,NEUTRAL,COLLECTING
ENGINERSIN,1,100.0,100.0,-2.7022717945329733,0,0.047619047619047616,1.0523809523809524,False,0.55,0.5,1.25,1.15,NEUTRAL,COLLECTING
GESHIP,4,50.0,50.0,0.03945080935501277,0,0.16666666666666666,1.0026300539570008,False,0.55,0.5,1.25,1.15,NEUTRAL,COLLECTING
GLAND,1,0.0,0.0,-2.621755292338712,1,0.047619047619047616,0.9095238095238095,False,0.55,0.5,1.25,1.15,NEUTRAL,COLLECTING
GLENMARK,1,100.0,100.0,0.12135922330096527,0,0.047619047619047616,1.0737401756819231,False,0.55,0.5,1.25,1.15,NEUTRAL,COLLECTING
HFCL,3,66.66666666666666,66.66666666666666,0.3953004774939613,1,0.13043478260869565,1.0858417640431632,False,0.55,0.5,1.25,1.15,NEUTRAL,COLLECTING
ICICIAMC,1,0.0,0.0,-3.456449640754844,1,0.047619047619047616,0.9095238095238095,False,0.55,0.5,1.25,1.15,NEUTRAL,COLLECTING
IDFCFIRSTB,2,0.0,0.0,-0.4843812509171652,2,0.09090909090909091,0.8460224999666486,False,0.55,0.5,1.25,1.15,NEUTRAL,COLLECTING
IPCALAB,4,50.0,50.0,-0.4698593718832522,1,0.16666666666666666,0.9686760418744499,False,0.55,0.5,1.25,1.15,NEUTRAL,COLLECTING
IREDA,1,100.0,100.0,-3.1527632435146224,0,0.047619047619047616,1.0523809523809524,False,0.55,0.5,1.25,1.15,NEUTRAL,COLLECTING
JSL,2,0.0,0.0,-1.1310230868714133,2,0.09090909090909091,0.8272727272727273,False,0.55,0.5,1.25,1.15,NEUTRAL,COLLECTING
JSWINFRA,6,33.33333333333333,33.33333333333333,-0.09429970088726074,2,0.23076923076923078,0.8759107968411759,False,0.55,0.5,1.25,1.15,NEUTRAL,COLLECTING
KIRLOSENG,1,0.0,0.0,-2.2815966424141187,1,0.047619047619047616,0.9095238095238095,False,0.55,0.5,1.25,1.15,NEUTRAL,COLLECTING
KOTAKBANK,2,50.0,50.0,0.3518520241569012,0,0.09090909090909091,1.012794619060251,False,0.55,0.5,1.25,1.15,NEUTRAL,COLLECTING
LAURUSLABS,7,28.57142857142857,28.57142857142857,-0.17220884369878137,1,0.25925925925925924,0.8154746384312375,False,0.55,0.5,1.25,1.15,NEUTRAL,COLLECTING
LENSKART,2,50.0,50.0,0.17642608981450203,1,0.09090909090909091,1.0064154941750727,False,0.55,0.5,1.25,1.15,NEUTRAL,COLLECTING
LGEINDIA,5,80.0,80.0,-0.32730029141380124,0,0.2,1.1538159766868958,False,0.55,0.5,1.25,1.15,NEUTRAL,COLLECTING
LICHSGFIN,7,42.857142857142854,42.857142857142854,-0.2951731720012729,2,0.25925925925925924,0.913833893273942,False,0.55,0.5,1.25,1.15,NEUTRAL,COLLECTING
MAHABANK,1,0.0,0.0,-4.319528432992792,1,0.047619047619047616,0.9095238095238095,False,0.55,0.5,1.25,1.15,NEUTRAL,COLLECTING
MANKIND,2,50.0,50.0,-0.10942929610756047,1,0.09090909090909091,0.996020752868816,False,0.55,0.5,1.25,1.15,NEUTRAL,COLLECTING
MCX,3,33.33333333333333,33.33333333333333,-1.1820153785339185,2,0.13043478260869565,0.8826086956521739,False,0.55,0.5,1.25,1.15,NEUTRAL,COLLECTING
MEDANTA,3,33.33333333333333,33.33333333333333,-0.48989352113415485,2,0.13043478260869565,0.9092229467234354,False,0.55,0.5,1.25,1.15,NEUTRAL,COLLECTING
MEESHO,1,0.0,0.0,-0.19832111473441216,1,0.047619047619047616,0.9247938835288684,False,0.55,0.5,1.25,1.15,NEUTRAL,COLLECTING
MOTILALOFS,2,0.0,0.0,-1.3830103462964927,2,0.09090909090909091,0.8272727272727273,False,0.55,0.5,1.25,1.15,NEUTRAL,COLLECTING
MTARTECH,2,50.0,50.0,-2.7098704349086455,0,0.09090909090909091,0.9636363636363636,False,0.55,0.5,1.25,1.15,NEUTRAL,COLLECTING
NIACL,1,0.0,0.0,-4.624919241096315,1,0.047619047619047616,0.9095238095238095,False,0.55,0.5,1.25,1.15,NEUTRAL,COLLECTING
NTPCGREEN,3,66.66666666666666,66.66666666666666,0.19076432657186096,0,0.13043478260869565,1.0751703126907057,False,0.55,0.5,1.25,1.15,NEUTRAL,COLLECTING
OBEROIRLTY,2,50.0,50.0,-2.2958547339455846,0,0.09090909090909091,0.9636363636363636,False,0.55,0.5,1.25,1.15,NEUTRAL,COLLECTING
PATANJALI,6,50.0,50.0,-0.6259616994314838,1,0.23076923076923078,0.9422189200524784,False,0.55,0.5,1.25,1.15,NEUTRAL,COLLECTING
PAYTM,4,75.0,75.0,0.11651360440717295,0,0.16666666666666666,1.1327675736271448,False,0.55,0.5,1.25,1.15,NEUTRAL,COLLECTING
PETRONET,1,0.0,0.0,-0.45662741651079086,1,0.047619047619047616,0.9198737634950326,False,0.55,0.5,1.25,1.15,NEUTRAL,COLLECTING
PHOENIXLTD,2,50.0,50.0,-0.9843348654989426,0,0.09090909090909091,0.9642060048909475,False,0.55,0.5,1.25,1.15,NEUTRAL,COLLECTING
PTCIL,1,0.0,0.0,-0.8709742758760353,1,0.047619047619047616,0.911981442364266,False,0.55,0.5,1.25,1.15,NEUTRAL,COLLECTING
PVRINOX,1,0.0,0.0,-1.93993145739485,1,0.047619047619047616,0.9095238095238095,False,0.55,0.5,1.25,1.15,NEUTRAL,COLLECTING
PWL,1,100.0,100.0,1.2906433445980081,0,0.047619047619047616,1.0904761904761904,False,0.55,0.5,1.25,1.15,NEUTRAL,COLLECTING
REDINGTON,1,0.0,0.0,-2.004827969316114,1,0.047619047619047616,0.9095238095238095,False,0.55,0.5,1.25,1.15,NEUTRAL,COLLECTING
RRKABEL,2,50.0,50.0,-1.207238039855285,0,0.09090909090909091,0.9636363636363636,False,0.55,0.5,1.25,1.15,NEUTRAL,COLLECTING
SONACOMS,1,100.0,100.0,0.9793768080072818,0,0.047619047619047616,1.0900833677715673,False,0.55,0.5,1.25,1.15,NEUTRAL,COLLECTING
STLTECH,3,66.66666666666666,66.66666666666666,1.23137986997038,1,0.13043478260869565,1.117391304347826,False,0.55,0.5,1.25,1.15,NEUTRAL,COLLECTING
SUNDARMFIN,2,100.0,100.0,-1.541128847249057,0,0.09090909090909091,1.1,False,0.55,0.5,1.25,1.15,NEUTRAL,COLLECTING
SUNTV,4,25.0,25.0,4.259882018454303,2,0.16666666666666666,0.9416666666666667,False,0.55,0.5,1.25,1.15,NEUTRAL,COLLECTING
SYRMA,1,0.0,0.0,-3.645745645292797,1,0.047619047619047616,0.9095238095238095,False,0.55,0.5,1.25,1.15,NEUTRAL,COLLECTING
TATAINVEST,2,50.0,50.0,-0.4158592871523037,0,0.09090909090909091,0.9848778441035526,False,0.55,0.5,1.25,1.15,NEUTRAL,COLLECTING
TDPOWERSYS,2,0.0,0.0,1.1131933675028516,2,0.09090909090909091,0.9,False,0.55,0.5,1.25,1.15,NEUTRAL,COLLECTING
TEGA,1,100.0,100.0,-0.6313214570839443,0,0.047619047619047616,1.0594034008174487,False,0.55,0.5,1.25,1.15,NEUTRAL,COLLECTING
WELCORP,1,0.0,0.0,-3.033547466095643,1,0.047619047619047616,0.9095238095238095,False,0.55,0.5,1.25,1.15,NEUTRAL,COLLECTING
WELSPUNLIV,2,0.0,0.0,-0.8513444332314322,2,0.09090909090909091,0.8326783842461297,False,0.55,0.5,1.25,1.15,NEUTRAL,COLLECTING
ZYDUSLIFE,1,100.0,100.0,-3.552460748134545,0,0.047619047619047616,1.0523809523809524,False,0.55,0.5,1.25,1.15,NEUTRAL,COLLECTING
