feature,rows,folds,median_correlation,sign_consistency_pct,stable_candidate,status
score,10,0,,0.0,False,NOT_STABLE_OR_INSUFFICIENT_EVIDENCE
technical_score,10,0,,0.0,False,NOT_STABLE_OR_INSUFFICIENT_EVIDENCE
fundamental_score,10,0,,0.0,False,NOT_STABLE_OR_INSUFFICIENT_EVIDENCE
adjusted_confidence_score,0,0,,0.0,False,NOT_STABLE_OR_INSUFFICIENT_EVIDENCE
confidence_score,10,0,,0.0,False,NOT_STABLE_OR_INSUFFICIENT_EVIDENCE
volatility20,0,0,,0.0,False,NOT_STABLE_OR_INSUFFICIENT_EVIDENCE
return_20d,0,0,,0.0,False,NOT_STABLE_OR_INSUFFICIENT_EVIDENCE
close_sma20_gap,0,0,,0.0,False,NOT_STABLE_OR_INSUFFICIENT_EVIDENCE
sector_news_score,0,0,,0.0,False,NOT_STABLE_OR_INSUFFICIENT_EVIDENCE
stock_news_score,0,0,,0.0,False,NOT_STABLE_OR_INSUFFICIENT_EVIDENCE
prediction_spread,10,0,,0.0,False,NOT_STABLE_OR_INSUFFICIENT_EVIDENCE
