target_date,trades,winners,losers,gross_pnl,costs,net_pnl,daily_return_pct,portfolio_value,cumulative_return_pct,peak_value,drawdown_pct,win_rate_pct,daily_profit_loss
2026-09-18,10,,,,,,0.5022532846552583,100502.25328465526,0.5022532846552741,,,,502.25328465525826
2026-09-21,10,,,,,,-0.38409447214041526,100118.15881251484,0.11815881251484583,,,,-384.0944721404153
2026-09-22,10,,,,,,-0.3686805128336117,99749.47829968123,-0.2505217003187732,,,,-368.6805128336117
2026-09-23,10,,,,,,-0.04347843593997365,99705.99986374126,-0.2940001362587319,,,,-43.47843593997365
2026-09-24,10,,,,,,-0.038532543055397564,99667.46732068586,-0.3325326793141459,,,,-38.53254305539757
2026-09-25,10,,,,,,-0.9354218751248768,98732.04544556099,-1.2679545544390103,,,,-935.4218751248769
2026-09-28,10,,,,,,-1.0631353295243733,97668.91011603661,-2.3310898839633887,,,,-1063.1353295243734
2026-09-29,5,,,,,,-2.2280627779762847,95440.84733806032,-4.559152661939681,,,,-2228.062777976285
2026-09-30,5,,,,,,1.5163994140625,96957.24675212282,-3.0427532478771724,,,,1516.3994140625
2026-10-01,5,,,,,,-0.7848299102783204,96172.4168418445,-3.827583158155501,,,,-784.8299102783203
2026-10-05,5,,,,,,0.38930982971191413,96561.72667155642,-3.4382733284435862,,,,389.3098297119142
2026-10-06,5,,,,,,-0.7842003173828126,95777.5263541736,-4.222473645826397,,,,-784.2003173828125
2026-10-07,5,,,,,,0.7111505126953125,96488.67686686892,-3.5113231331310835,,,,711.1505126953125
2026-10-08,5,,,,,,-2.0280703125,94460.60655436892,-5.53939344563108,,,,-2028.0703125
2026-10-09,5,,,,,,1.2267991943359375,95687.40574870486,-4.312594251295144,,,,1226.7991943359375
