target_date,trades,gross_profit_loss,trading_cost,daily_profit_loss,daily_return_pct,portfolio_value,cumulative_return_pct,peak_value,drawdown_pct
2026-09-24,5.0,-78.77888488769327,96.11905973815918,-174.89794462585243,-0.17489794462585245,99825.10205537415,-0.1748979446258403,99825.10205537415,0.0
2026-09-25,0.0,0.0,0.0,0.0,0.0,99825.10205537415,-0.1748979446258403,99825.10205537415,0.0
2026-09-28,0.0,0.0,0.0,0.0,0.0,99825.10205537415,-0.1748979446258403,99825.10205537415,0.0
2026-09-29,0.0,0.0,0.0,0.0,0.0,99825.10205537415,-0.1748979446258403,99825.10205537415,0.0
2026-09-30,0.0,0.0,0.0,0.0,0.0,99825.10205537415,-0.1748979446258403,99825.10205537415,0.0
2026-10-01,0.0,0.0,0.0,0.0,0.0,99825.10205537415,-0.1748979446258403,99825.10205537415,0.0
2026-10-05,0.0,0.0,0.0,0.0,0.0,99825.10205537415,-0.1748979446258403,99825.10205537415,0.0
2026-10-06,0.0,0.0,0.0,0.0,0.0,99825.10205537415,-0.1748979446258403,99825.10205537415,0.0
2026-10-07,0.0,0.0,0.0,0.0,0.0,99825.10205537415,-0.1748979446258403,99825.10205537415,0.0
