prediction_date,symbol,base_close,predicted_open,predicted_high,predicted_low,predicted_close,prediction_spread,rank,score,technical_score,fundamental_score,confidence_score,target_date,created_at,selection_method,selected
2026-10-01,SUNTV,599.9000244140625,601.1573932895243,614.0056862800419,584.9371141056711,597.609104471262,0.0015337638950232006,1,89.72798085371662,78.72233400402415,11.00564684969247,71.34544218705383,2026-10-05,2026-10-01T16:53:35+00:00,ranking_top10,1
2026-10-01,WELSPUNLIV,239.1699981689453,240.65203818207814,245.65999703703568,235.03141376811237,239.33889000313047,0.0014769826213279348,2,86.87691999218407,79.476861167002,7.400058825182079,32.34597297105363,2026-10-05,2026-10-01T16:53:35+00:00,ranking_top10,1
2026-10-01,MTARTECH,7797.0,7822.470037880886,7985.2902331345385,7646.6768109373925,7794.791968103197,0.0013270853695533983,3,86.70829195130543,78.04828973843058,8.660002212874842,17.586429563294676,2026-10-05,2026-10-01T16:53:35+00:00,ranking_top10,1
2026-10-01,STLTECH,955.3499755859375,963.9786434115048,990.8927519119101,935.4494562913765,964.6940233903773,0.0007774555018079017,4,86.5213402289862,78.78269617706238,7.738644051923822,92.63648690911283,2026-10-05,2026-10-01T16:53:35+00:00,ranking_top10,1
2026-10-01,ENGINERSIN,312.75,313.8168371469128,319.2456313341418,307.5939922230382,312.5983161597579,0.0012679295479333741,5,85.3383385561571,75.32193158953723,10.01640696661987,27.66798068304344,2026-10-05,2026-10-01T16:53:35+00:00,ranking_top10,1
2026-10-01,TDPOWERSYS,792.1500244140625,795.075332707802,809.3884473784213,778.4726734760328,792.1498423140447,0.0017279118926678684,6,85.2931198002679,76.05633802816902,9.236781772098883,0.013302191020039775,2026-10-05,2026-10-01T16:53:35+00:00,ranking_top10,1
2026-10-01,HFCL,238.36000061035156,240.12904832776653,245.61589938242068,234.6096020479226,240.9484218040195,0.0024212154918509775,7,84.98740114871015,77.43460764587525,7.552793502834897,81.76865433226656,2026-10-05,2026-10-01T16:53:35+00:00,ranking_top10,1
2026-10-01,CASTROLIND,199.0399932861328,199.19026345777993,201.14169458771923,197.1977111983953,199.00217810421788,0.0007694528353990766,8,84.29241806652537,69.56740442655936,14.725013639966004,19.80193867550422,2026-10-05,2026-10-01T16:53:35+00:00,ranking_top10,1
2026-10-01,GESHIP,1530.5999755859375,1531.7122764026144,1549.58038634936,1513.2429549290714,1529.9261708735178,0.0008529187791649609,9,83.94282351044481,70.20120724346076,13.74161626698405,34.04288286607239,2026-10-05,2026-10-01T16:53:35+00:00,ranking_top10,1
2026-10-01,CUPID,312.5,313.50335555033456,318.8126583374611,307.81646419387386,312.63647198413383,0.001577593083316757,10,83.61221939433419,73.93360160965794,9.678617784676247,21.68046492759278,2026-10-05,2026-10-01T16:53:35+00:00,ranking_top10,1
2026-10-01,LALPATHLAB,2005.0999755859375,2009.877280784383,2040.5499129094565,1976.6578411513524,2004.8402935271372,0.0010536021974354582,11,83.5540202194982,75.07042253521126,8.483597684286938,10.946611281473643,2026-10-05,2026-10-01T16:53:35+00:00,ranking_top10,0
2026-10-01,AEGISLOG,1401.0999755859375,1405.1740128235845,1431.5398174138757,1377.993594851477,1402.0728207111238,0.0013712453915796586,12,82.46380335731028,72.48490945674044,9.978893900569847,33.61480703221045,2026-10-05,2026-10-01T16:53:35+00:00,ranking_top10,0
2026-10-01,KOTAKBANK,418.3500061035156,419.2090706762974,424.3882644600194,413.4276597817959,418.18721044831335,0.0008594962581245825,13,82.24278731353722,72.91750503018109,9.325282283356136,31.165060536771605,2026-10-05,2026-10-01T16:53:35+00:00,ranking_top10,0
2026-10-01,CUB,230.0399932861328,230.78812172501728,234.16006188678034,226.67929962260828,229.95877745114439,0.001253113423678752,14,81.30393625004464,71.18712273641852,10.116813513626127,21.980996777364602,2026-10-05,2026-10-01T16:53:35+00:00,ranking_top10,0
2026-10-01,AZAD,2860.89990234375,2867.9142000897473,2921.908397952453,2807.2494768384067,2859.1798407685233,0.0011902869966313508,15,81.1347897162487,73.35010060362173,7.784689112626973,33.55986208458024,2026-10-05,2026-10-01T16:53:35+00:00,ranking_top10,0
2026-10-01,PRIVISCL,3573.0,3577.8880960047472,3622.12959913541,3530.5585451560582,3572.6810455671784,0.0010122303242097262,16,80.56199865504513,72.79678068410463,7.765217970940498,8.10423078270651,2026-10-05,2026-10-01T16:53:35+00:00,ranking_top10,0
2026-10-01,CYIENT,1104.5999755859375,1107.6642289646381,1124.7125508733454,1087.8409772140526,1104.3035082011907,0.0010188979275268116,17,78.69984832193674,70.58350100603622,8.116347315900523,20.84947083165987,2026-10-05,2026-10-01T16:53:35+00:00,ranking_top10,0
2026-10-01,AETHER,1670.0,1672.5536471318037,1696.6254958151885,1646.328318765293,1669.398149936789,0.0010978452427226702,18,78.22815641312259,69.78873239436619,8.439424018756394,24.714081231880588,2026-10-05,2026-10-01T16:53:35+00:00,ranking_top10,0
2026-10-01,ACE,1212.300048828125,1214.124850858321,1233.7924961000226,1193.2789071858435,1212.9290079699863,0.0008935273315928068,19,78.12172308298692,69.19517102615694,8.926552056829982,36.73435453113131,2026-10-05,2026-10-01T16:53:35+00:00,ranking_top10,0
2026-10-01,SYRMA,1717.9000244140625,1722.4996782286387,1758.207109740726,1685.097612065041,1718.3486626771512,0.0012051852191772064,20,78.07880267488493,69.61770623742456,8.46109643746037,17.809989517978362,2026-10-05,2026-10-01T16:53:35+00:00,ranking_top10,0
