prediction_date,symbol,base_close,predicted_open,predicted_high,predicted_low,predicted_close,prediction_spread,rank,score,technical_score,fundamental_score,confidence_score,target_date,created_at,selection_method,selected,recent_close_error,selection_penalty,selection_priority,listing_age_days,listing_status,listing_confidence_factor,adjusted_confidence_score
2026-09-23,LICHSGFIN,572.5,573.6650285183642,580.5579428447007,566.0588314264609,572.7851753284741,0.0008246039824288,1,84.1603726426265,71.74496644295303,12.415406199673477,37.65878444109276,2026-09-24,2026-09-23T13:14:13+00:00,ranking_top10,1,,,,,,,
2026-09-23,MCX,3374.0,3384.294075391176,3426.312757510824,3329.044904525561,3375.55689439367,0.0010871929192289,2,83.73443042486724,69.49664429530202,14.237786129565215,29.79654683652624,2026-09-24,2026-09-23T13:14:13+00:00,ranking_top10,1,,,,,,,
2026-09-23,AUROPHARMA,1721.5,1724.359050192132,1740.151573211462,1705.0273605146729,1722.3282507573626,0.0007544085240072,3,83.61989847002384,73.2214765100671,10.398421959956735,38.940497145897375,2026-09-24,2026-09-23T13:14:13+00:00,ranking_top10,1,,,,,,,
2026-09-23,JSWINFRA,363.6000061035156,364.08736490857217,368.9826061340964,358.8004942738613,363.5231737674365,0.000639394078232,4,82.02274771283648,73.5234899328859,8.499257779950584,24.83942939115277,2026-09-24,2026-09-23T13:14:13+00:00,ranking_top10,1,,,,,,,
2026-09-23,MOTILALOFS,1042.5,1045.8254449419085,1058.8786438830762,1028.421113200315,1042.8943658701255,0.0010840483455418,5,80.58613247822338,69.76510067114094,10.82103180708243,25.868771519630137,2026-09-24,2026-09-23T13:14:13+00:00,ranking_top10,1,,,,,,,
2026-09-23,LAURUSLABS,2034.0,2037.5542973163424,2057.659945774577,2012.7624078825509,2034.878644898307,0.0007905351407199,6,80.0756934396359,70.1006711409396,9.97502229869631,35.33528671419143,2026-09-24,2026-09-23T13:14:13+00:00,ranking_top10,1,,,,,,,
2026-09-23,IDFCFIRSTB,87.9000015258789,88.28125598627406,89.19568080496008,87.00185988377498,87.94909360411924,0.0009932331906506,7,80.0610732168551,69.36241610738256,10.698657109472542,35.99197817071188,2026-09-24,2026-09-23T13:14:13+00:00,ranking_top10,1,,,,,,,
2026-09-23,NTPCGREEN,95.41999816894533,95.75110677697305,96.62773923191644,94.58234444072824,95.4548413254514,0.000850157555041,8,78.5573186838611,67.08053691275168,11.476781771109415,30.04622063844593,2026-09-24,2026-09-23T13:14:13+00:00,ranking_top10,1,,,,,,,
2026-09-23,PATANJALI,409.4500122070313,410.0686236576372,414.9383678066509,403.7435312546114,409.1646677722601,0.0013164339325633,9,78.5477335083645,65.90604026845638,12.641693239908124,34.614126682616444,2026-09-24,2026-09-23T13:14:13+00:00,ranking_top10,1,,,,,,,
2026-09-23,APARINDS,17876.0,17931.383349390864,18225.075244571264,17569.671841177784,17873.93932236538,0.0011376632555921,10,78.13310961531258,68.75838926174497,9.374720353567616,9.200461672877235,2026-09-24,2026-09-23T13:14:13+00:00,ranking_top10,1,,,,,,,
2026-09-23,POLICYBZR,1886.300048828125,1893.066037908515,1923.9083957010976,1857.7788862886327,1887.5292012471025,0.0012344318135438,11,78.08037985260472,66.54362416107382,11.536755691530896,34.5494510781318,2026-09-24,2026-09-23T13:14:13+00:00,ranking_top10,0,,,,,,,
2026-09-23,JSL,758.5499877929688,760.3371341544715,769.069768031345,749.5799463201428,759.064076813052,0.0010645062475601,12,75.45017157909257,68.2214765100671,7.228695069025467,38.89986410453238,2026-09-24,2026-09-23T13:14:13+00:00,ranking_top10,0,,,,,,,
2026-09-23,LGEINDIA,1694.199951171875,1698.4999722661585,1714.380334955523,1675.9185776419515,1694.8660728033024,0.0009187131724011,13,74.92391513841625,67.18120805369128,7.742707084724972,29.97030505122746,2026-09-24,2026-09-23T13:14:13+00:00,ranking_top10,0,,,,,,,
2026-09-23,MEDANTA,1496.0999755859375,1497.8028040391268,1516.2357264806274,1478.8313691965666,1496.7124280276485,0.0009928240536658,14,74.6677291459956,67.11409395973155,7.553635186264045,29.194757803405626,2026-09-24,2026-09-23T13:14:13+00:00,ranking_top10,0,,,,,,,
2026-09-23,GLENMARK,2475.0,2477.93325946809,2500.2198600072184,2454.75382958854,2476.0753371470214,0.0007049978155626,15,74.60319882110153,62.61744966442953,11.985749156672004,38.129727567980176,2026-09-24,2026-09-23T13:14:13+00:00,ranking_top10,0,,,,,,,
2026-09-23,LLOYDSME,1890.9000244140625,1895.51184917052,1913.612163774746,1872.297694146701,1891.874333333552,0.0008621674428815,16,73.97102957547153,60.67114093959732,13.29988863587422,37.40750567804762,2026-09-24,2026-09-23T13:14:13+00:00,ranking_top10,0,,,,,,,
2026-09-23,PHOENIXLTD,1993.199951171875,1998.2533020661888,2017.742490322272,1970.9457066858567,1994.3633016909296,0.0009581341024676,17,73.089387627748,63.9261744966443,9.163213131103692,37.85588640418747,2026-09-24,2026-09-23T13:14:13+00:00,ranking_top10,0,,,,,,,
2026-09-23,MAHABANK,84.11000061035156,84.30832449222171,85.19059244975881,83.19792794383166,84.1260091612838,0.0009759179372483,18,72.94604130788284,57.08053691275168,15.865504395131156,16.319767390083463,2026-09-24,2026-09-23T13:14:13+00:00,ranking_top10,0,,,,,,,
2026-09-23,3MINDIA,34615.0,34655.55562451592,35016.69585515218,34240.954763552065,34615.077839445454,0.0010558956669572,19,72.59951706532205,63.7248322147651,8.87468485055695,0.2125154283429662,2026-09-24,2026-09-23T13:14:13+00:00,ranking_top10,0,,,,,,,
2026-09-23,AIIL,561.4500122070312,562.6714998992048,570.2803576266464,553.6167316080912,562.254065854264,0.0010380507486865,20,72.13213133988835,60.70469798657718,11.42743335331116,57.97625155802815,2026-09-24,2026-09-23T13:14:13+00:00,ranking_top10,0,,,,,,,
2026-09-24 00:00:00,MCX,3427.699951171875,3438.0231191234534,3481.870415749949,3382.011957678464,3429.05550931582,0.000990752001111,1,90.30082547892351,76.06666666666666,14.234158812256853,28.52870439019622,2026-09-25 00:00:00,2026-09-24T15:49:25+00:00,ranking_top10,1,,,,,,,
2026-09-24 00:00:00,PATANJALI,404.8500061035156,405.06620001547566,410.0564756263014,400.15523707519066,404.492332471419,0.0010713983940652,2,86.08149176007043,73.46666666666667,12.614825093403768,45.19337884322647,2026-09-25 00:00:00,2026-09-24T15:49:25+00:00,ranking_top10,1,,,,,,,
2026-09-24 00:00:00,JSWINFRA,360.7000122070313,361.3924164198722,366.6246591809932,355.62030243455024,360.5857255060053,0.0008147864244541,3,84.9126646072483,76.46666666666667,8.445997940581634,27.999081834302228,2026-09-25 00:00:00,2026-09-24T15:49:25+00:00,ranking_top10,1,,,,,,,
2026-09-24 00:00:00,AUROPHARMA,1716.0,1717.4254181148697,1734.1179857125337,1700.5321372222202,1716.4938992750292,0.0007628519317733,4,80.86929427170189,70.53333333333333,10.33596093836856,27.39390449966413,2026-09-25 00:00:00,2026-09-24T15:49:25+00:00,ranking_top10,1,,,,,,,
2026-09-24 00:00:00,IPCALAB,1997.0999755859373,2001.553570750977,2020.010234105148,1977.438595814022,1997.909137077186,0.0008933853344969,5,80.015979740732,68.36666666666667,11.649313074065326,31.201503817039463,2026-09-25 00:00:00,2026-09-24T15:49:25+00:00,ranking_top10,1,,,,,,,
2026-09-24 00:00:00,LAURUSLABS,2026.199951171875,2027.9406544845947,2049.1683821154984,2006.6092921937304,2026.2056105864408,0.0008242417758038,6,79.29669999351312,69.33333333333333,9.96336666017979,0.3377266829125004,2026-09-25 00:00:00,2026-09-24T15:49:25+00:00,ranking_top10,1,,,,,,,
2026-09-24 00:00:00,NTPCGREEN,95.43000030517578,95.56574504527818,96.69889005194156,94.43753352678684,95.37741923714948,0.0008083618195263,7,78.99470515048336,67.56666666666666,11.428038483816694,40.533331133538354,2026-09-25 00:00:00,2026-09-24T15:49:25+00:00,ranking_top10,1,,,,,,,
2026-09-24 00:00:00,LICHSGFIN,564.25,564.6638804215763,571.079478952159,558.4651527641132,564.2550570296627,0.0008313120752569,8,78.35619847005675,66.0,12.356198470056754,1.0666029146734457,2026-09-25 00:00:00,2026-09-24T15:49:25+00:00,ranking_top10,1,,,,,,,
2026-09-24 00:00:00,MEDANTA,1506.199951171875,1508.3553496770962,1527.1148884011875,1488.3605877573175,1506.696517013306,0.0009352226189622,9,77.2010902378105,69.66666666666666,7.534423571143845,26.063737953133845,2026-09-25 00:00:00,2026-09-24T15:49:25+00:00,ranking_top10,1,,,,,,,
2026-09-24 00:00:00,LGEINDIA,1697.699951171875,1699.610306455063,1717.0689527595162,1678.7530328612554,1697.8230855981922,0.0008647743041874,10,76.53632683021371,68.83333333333333,7.702993496880389,7.738163040405797,2026-09-25 00:00:00,2026-09-24T15:49:25+00:00,ranking_top10,1,,,,,,,
2026-09-24 00:00:00,ITCHOTELS,164.00999450683594,164.5765542603361,166.28885136691937,162.14126271625366,164.05562386281667,0.0009850310767665,11,75.11128777029093,62.16666666666666,12.94462110362426,22.02355899451683,2026-09-25 00:00:00,2026-09-24T15:49:25+00:00,ranking_top10,0,,,,,,,
2026-09-24 00:00:00,MOTILALOFS,1022.0,1023.4260730106732,1035.576550931058,1009.6378184510044,1021.863351153549,0.0008181226251514,12,74.50788508670155,63.73333333333333,10.774551753368216,14.047392771254051,2026-09-25 00:00:00,2026-09-24T15:49:25+00:00,ranking_top10,0,,,,,,,
2026-09-24 00:00:00,MANKIND,2500.0,2504.0511149568533,2527.9655452548373,2473.573105710322,2500.702685250408,0.0009808917580981,13,74.19808800684123,65.5,8.698088006841227,22.272718261217022,2026-09-25 00:00:00,2026-09-24T15:49:25+00:00,ranking_top10,0,,,,,,,
2026-09-24 00:00:00,AIIL,551.5999755859375,552.1738837635337,559.2948880270662,544.8000601274327,551.4782324818799,0.001106340711832,14,73.9828260159339,62.6,11.382826015933905,16.63155764900687,2026-09-25 00:00:00,2026-09-24T15:49:25+00:00,ranking_top10,0,,,,,,,
2026-09-24 00:00:00,AJANTPHARM,3539.5,3541.6164690928904,3575.062063816846,3504.348311718654,3538.9599325174377,0.000794442683096,15,73.14013788358861,61.03333333333333,12.106804550255273,16.111811098272067,2026-09-25 00:00:00,2026-09-24T15:49:25+00:00,ranking_top10,0,,,,,,,
2026-09-24 00:00:00,PAYTM,1735.5,1738.6457260868374,1762.7976233868053,1712.1580481380006,1736.103891584222,0.0008541290998854,16,73.00933782133194,62.03333333333333,10.976004487998615,28.94651217176889,2026-09-25 00:00:00,2026-09-24T15:49:25+00:00,ranking_top10,0,,,,,,,
2026-09-24 00:00:00,GLENMARK,2430.39990234375,2432.4464722066014,2455.572014927877,2406.659834940624,2429.8908056681,0.0006726548229881,17,71.83436964154788,59.86666666666667,11.96770297488122,23.74610124157624,2026-09-25 00:00:00,2026-09-24T15:49:25+00:00,ranking_top10,0,,,,,,,
2026-09-24 00:00:00,PHOENIXLTD,1955.0,1957.2236658936883,1982.5926271056253,1930.6831737583288,1955.463263683816,0.0008659838942309,18,71.27369978457212,62.16666666666666,9.107033117905456,21.48457105320396,2026-09-25 00:00:00,2026-09-24T15:49:25+00:00,ranking_top10,0,,,,,,,
2026-09-24 00:00:00,PAGEIND,37500.0,37530.04904063933,37898.2620863022,37126.473885816646,37518.06135601442,0.0008345905911821,19,70.30246395974216,63.4,6.902463959742153,36.59218746399681,2026-09-25 00:00:00,2026-09-24T15:49:25+00:00,ranking_top10,0,,,,,,,
2026-09-24 00:00:00,RADICO,4481.2998046875,4485.791545794979,4531.20493449379,4427.10009075321,4479.95320130234,0.0007038538867227,20,69.14081833104169,61.0,8.140818331041691,29.919309254035184,2026-09-25 00:00:00,2026-09-24T15:49:25+00:00,ranking_top10,0,,,,,,,
2026-09-25 00:00:00,PHOENIXLTD,1978.4000244140625,1981.7039251839085,2006.926084577197,1952.3112984838808,1978.8806470445409,0.000951054951987,1,84.54326692071467,75.6,8.943266920714674,20.34648682498624,2026-09-28 00:00:00,2026-09-25T15:49:14+00:00,ranking_top10,1,,,,,,,
2026-09-25 00:00:00,OBEROIRLTY,1858.5,1861.8806208540675,1881.563555140736,1837.65545436996,1859.125066585915,0.0008778402933736,2,84.365131889957,70.36666666666666,13.998465223290342,27.700310578534328,2026-09-28 00:00:00,2026-09-25T15:49:14+00:00,ranking_top10,1,,,,,,,
2026-09-25 00:00:00,PATANJALI,403.9500122070313,404.0990232676307,409.10048274780326,399.1291336165213,403.6107043354075,0.0011782322960038,3,83.64131448712206,71.33333333333334,12.30798115378872,41.61985461193989,2026-09-28 00:00:00,2026-09-25T15:49:14+00:00,ranking_top10,1,,,,,,,
2026-09-25 00:00:00,MCX,3324.89990234375,3330.4682464296816,3379.7061658842727,3273.790357492434,3325.494389471202,0.0007568615522116,4,83.42721738149874,69.23333333333332,14.193884048165415,19.10934452749997,2026-09-28 00:00:00,2026-09-25T15:49:14+00:00,ranking_top10,1,,,,,,,
2026-09-25 00:00:00,JSWINFRA,362.0499877929688,362.6830092393922,367.1759602124473,357.95044046533496,362.130114185993,0.0008650018643118,5,82.97103446850585,74.86666666666667,8.10436780183917,20.37282745746805,2026-09-28 00:00:00,2026-09-25T15:49:14+00:00,ranking_top10,1,,,,,,,
2026-09-25 00:00:00,MAHABANK,84.87999725341797,85.10142436535403,86.03970318784323,83.91946175844768,84.92964604586386,0.0010865692060999,6,82.9467977058392,67.16666666666667,15.780131039172534,34.99430362019078,2026-09-28 00:00:00,2026-09-25T15:49:14+00:00,ranking_top10,1,,,,,,,
2026-09-25 00:00:00,LGEINDIA,1725.4000244140625,1730.0934150560045,1746.3276963228973,1706.5430466104506,1725.814535723105,0.0008573435344826,7,81.73116327739916,74.1,7.631163277399162,21.88813324569631,2026-09-28 00:00:00,2026-09-25T15:49:14+00:00,ranking_top10,1,,,,,,,
2026-09-25 00:00:00,LICHSGFIN,566.0,566.5736166869457,572.8106647164202,560.0742905915034,566.1372640331962,0.0009144707390643,8,80.92800298133494,68.6,12.328002981334947,20.96099807952681,2026-09-28 00:00:00,2026-09-25T15:49:14+00:00,ranking_top10,1,,,,,,,
2026-09-25 00:00:00,LAURUSLABS,2007.0,2008.6121608346675,2032.5344429227143,1983.9726904099173,2007.814736192364,0.0007504743490038,9,79.83718964044925,69.89999999999999,9.937189640449256,35.10374332963669,2026-09-28 00:00:00,2026-09-25T15:49:14+00:00,ranking_top10,1,,,,,,,
2026-09-25 00:00:00,JSL,748.25,749.8850401252006,758.7860767092211,740.0391244238799,748.700963397819,0.0010534020713958,10,79.0844985809919,71.96666666666667,7.117831914325242,36.39233137956303,2026-09-28 00:00:00,2026-09-25T15:49:14+00:00,ranking_top10,1,,,,,,,
2026-09-25 00:00:00,AIIL,559.5999755859375,560.7625041684345,568.4241455650825,552.2966760410113,559.805962567936,0.0013017199492128,11,78.4199637428014,67.16666666666666,11.25329707613474,22.04414528782088,2026-09-28 00:00:00,2026-09-25T15:49:14+00:00,ranking_top10,0,,,,,,,
2026-09-25 00:00:00,AUROPHARMA,1712.0,1713.190473366035,1729.2508867364895,1696.549782777602,1712.40082523069,0.0007811104633462,12,77.74468527051218,67.46666666666667,10.278018603845512,23.06129566507992,2026-09-28 00:00:00,2026-09-25T15:49:14+00:00,ranking_top10,0,,,,,,,
2026-09-25 00:00:00,IPCALAB,1970.800048828125,1972.7398263752416,1996.4149372465208,1947.849857780288,1971.1138745301955,0.0007364175996591,13,76.40233244682155,64.73333333333333,11.668999113488209,17.778906094664006,2026-09-28 00:00:00,2026-09-25T15:49:14+00:00,ranking_top10,0,,,,,,,
2026-09-25 00:00:00,MOTILALOFS,1029.0,1030.8657432933385,1042.2648111098044,1017.258233212279,1028.995307578802,0.0009422382999346,14,75.79511979327572,65.16666666666667,10.628453126609044,0.4816416805671765,2026-09-28 00:00:00,2026-09-25T15:49:14+00:00,ranking_top10,0,,,,,,,
2026-09-25 00:00:00,NTPCGREEN,93.47000122070312,93.54618282188024,94.56837211130484,92.41044441811898,93.4307391005446,0.0008816550628945,15,75.11002046579867,63.7,11.410020465798674,32.26924027244027,2026-09-28 00:00:00,2026-09-25T15:49:14+00:00,ranking_top10,0,,,,,,,
2026-09-25 00:00:00,AJANTPHARM,3547.800048828125,3551.5252344461915,3579.7455607632346,3518.987056517681,3547.9687228308494,0.0007442509466752,16,74.88532677864504,62.8,12.085326778645038,6.0044978329274725,2026-09-28 00:00:00,2026-09-25T15:49:14+00:00,ranking_top10,0,,,,,,,
2026-09-25 00:00:00,RADICO,4557.10009765625,4566.442909424802,4609.203221117084,4508.552349929686,4558.573304400711,0.000887332378289,17,74.17348052343542,66.13333333333333,8.040147190102095,26.70367354728927,2026-09-28 00:00:00,2026-09-25T15:49:14+00:00,ranking_top10,0,,,,,,,
2026-09-25 00:00:00,MANKIND,2474.89990234375,2476.0603543365373,2501.567508377007,2448.2624060016806,2474.294496413548,0.000872954236158,18,73.37984778675536,64.83333333333333,8.546514453422036,21.88836348774524,2026-09-28 00:00:00,2026-09-25T15:49:14+00:00,ranking_top10,0,,,,,,,
2026-09-25 00:00:00,LLOYDSME,1838.0,1840.3950602477707,1858.2882506852648,1819.1011502724307,1838.376249571688,0.0008188895248828,19,72.74663868162015,59.5,13.246638681620157,19.998717316841795,2026-09-28 00:00:00,2026-09-25T15:49:14+00:00,ranking_top10,0,,,,,,,
2026-09-25 00:00:00,PAGEIND,37695.0,37717.88240307762,38063.86113421288,37353.13518456984,37684.07674251997,0.0010159685103545,20,70.3877965888844,63.66666666666667,6.721129922217726,22.19263553023111,2026-09-28 00:00:00,2026-09-25T15:49:14+00:00,ranking_top10,0,,,,,,,
2026-09-28 00:00:00,LGEINDIA,1730.699951171875,1732.7571123630823,1749.4696149254066,1713.6363016471182,1731.1695251305637,0.0007060321375978,1,83.3644966107325,75.73333333333333,7.631163277399162,27.76074011924282,2026-09-29 00:00:00,2026-09-28T17:26:19+00:00,ranking_top10,1,,,,,,,
2026-09-28 00:00:00,LICHSGFIN,564.1500244140625,564.7705442717261,571.0327087140755,558.1992060905037,564.3207669247574,0.0007788847311489,2,81.9946696480016,69.66666666666666,12.328002981334947,27.983678199047045,2026-09-29 00:00:00,2026-09-28T17:26:19+00:00,ranking_top10,1,,,,,,,
2026-09-28 00:00:00,PATANJALI,390.7999877929688,391.0611790633818,397.191308681843,384.845956600003,391.00565848952647,0.000839369622108,3,81.64131448712205,69.33333333333333,12.30798115378872,38.53702624729576,2026-09-29 00:00:00,2026-09-28T17:26:19+00:00,ranking_top10,1,,,,,,,
2026-09-28 00:00:00,CRISIL,4650.60009765625,4659.917090202081,4722.542223121728,4585.575348472537,4650.0461281518565,0.000997304011952,4,81.32743338957508,68.36666666666666,12.960766722908415,10.669609563817628,2026-09-29 00:00:00,2026-09-28T17:26:19+00:00,ranking_top10,1,,,,,,,
2026-09-28 00:00:00,PETRONET,289.8500061035156,290.4339822310332,293.093418683575,287.2158321500411,289.86030562744,0.0008631590420145,5,79.48310367341828,67.93333333333334,11.549770340084942,3.9539617888469873,2026-09-29 00:00:00,2026-09-28T17:26:19+00:00,ranking_top10,1,,,,,,,
2026-09-28 00:00:00,OBEROIRLTY,1830.0,1831.5827798854043,1850.695231921097,1810.1770890697808,1829.457639189357,0.0008658469769517,6,79.265131889957,65.26666666666667,13.998465223290342,25.50053187000124,2026-09-29 00:00:00,2026-09-28T17:26:19+00:00,ranking_top10,1,,,,,,,
2026-09-28 00:00:00,JSL,745.7000122070312,746.9452455225495,756.1173134222165,737.3612069695115,746.1041276783122,0.0009163129861152,7,78.7844985809919,71.66666666666666,7.117831914325242,37.163116300018544,2026-09-29 00:00:00,2026-09-28T17:26:19+00:00,ranking_top10,1,,,,,,,
2026-09-28 00:00:00,LAURUSLABS,2010.699951171875,2012.6688637565824,2031.018708348505,1992.446880693536,2011.0186370656745,0.0008829840032648,8,78.5705229737826,68.63333333333334,9.937189640449256,15.218261878306514,2026-09-29 00:00:00,2026-09-28T17:26:19+00:00,ranking_top10,1,,,,,,,
2026-09-28 00:00:00,IREDA,114.81999969482422,115.21662053058942,116.60005800437402,113.36731940775114,114.81717451758716,0.001047225936227,9,77.9444324796136,64.13333333333334,13.81109914628025,2.2956293001500154,2026-09-29 00:00:00,2026-09-28T17:26:19+00:00,ranking_top10,1,,,,,,,
2026-09-28 00:00:00,PHOENIXLTD,1952.199951171875,1953.5351660433728,1973.2723492755028,1931.1826541465416,1951.4441784320384,0.000864510477198,10,77.10993358738133,68.16666666666666,8.943266920714674,30.93030501692506,2026-09-29 00:00:00,2026-09-28T17:26:19+00:00,ranking_top10,1,,,,,,,
2026-09-28 00:00:00,HEROMOTOCO,5390.0,5395.056968507975,5436.231044319959,5344.373268881848,5390.43688225402,0.0009419192879803,11,76.91775407144061,65.06666666666666,11.85108740477395,7.923393985464497,2026-09-29 00:00:00,2026-09-28T17:26:19+00:00,ranking_top10,0,,,,,,,
2026-09-28 00:00:00,AUROPHARMA,1697.5,1698.8125730452048,1714.582131446867,1682.7291140290242,1697.557234284194,0.0006771152363513,12,76.77801860384551,66.5,10.278018603845512,4.743287775893896,2026-09-29 00:00:00,2026-09-28T17:26:19+00:00,ranking_top10,0,,,,,,,
2026-09-28 00:00:00,JSWINFRA,348.75,349.2200098546378,354.61274317044536,343.1908182735487,348.7232672970186,0.0009649421956967,13,76.53770113517251,68.43333333333334,8.10436780183917,7.359185083030693,2026-09-29 00:00:00,2026-09-28T17:26:19+00:00,ranking_top10,0,,,,,,,
2026-09-28 00:00:00,GLAXO,2896.39990234375,2903.7317196020763,2940.816330502377,2851.587097462605,2892.4985254433045,0.0009627858492267,14,75.77731024728972,65.13333333333333,10.643976913956392,58.31663503228908,2026-09-29 00:00:00,2026-09-28T17:26:19+00:00,ranking_top10,0,,,,,,,
2026-09-28 00:00:00,LLOYDSME,1836.300048828125,1838.1093707941648,1855.62695701816,1819.291090720802,1836.48994968102,0.0008340536140341,15,74.87997201495348,61.633333333333326,13.246638681620157,11.031296614375224,2026-09-29 00:00:00,2026-09-28T17:26:19+00:00,ranking_top10,0,,,,,,,
2026-09-28 00:00:00,MOTILALOFS,1011.5999755859376,1012.8737096855284,1025.5933067986543,998.6703817227776,1011.275588216886,0.0007621216011856,16,73.66178645994238,63.03333333333333,10.628453126609044,29.61496313548588,2026-09-29 00:00:00,2026-09-28T17:26:19+00:00,ranking_top10,0,,,,,,,
2026-09-28 00:00:00,BLUESTARCO,1575.4000244140625,1578.2328830079896,1596.97474646492,1558.161262981726,1576.5674894151084,0.0009352586048875,17,73.08766785980114,67.83333333333334,5.254334526467797,44.20756678175304,2026-09-29 00:00:00,2026-09-28T17:26:19+00:00,ranking_top10,0,,,,,,,
2026-09-28 00:00:00,SAIL,184.1999969482422,184.5013141397976,186.59827756659456,182.0453580797599,184.16847583735063,0.0009255235268124,18,71.6620370699741,61.400000000000006,10.262037069974092,15.604313997910452,2026-09-29 00:00:00,2026-09-28T17:26:19+00:00,ranking_top10,0,,,,,,,
2026-09-28 00:00:00,NTPCGREEN,92.20999908447266,92.27798120665145,93.2079068107711,91.2841455614415,92.17353522039151,0.0009733560383935,19,71.44335379913201,60.03333333333334,11.410020465798674,28.88981460090951,2026-09-29 00:00:00,2026-09-28T17:26:19+00:00,ranking_top10,0,,,,,,,
2026-09-28 00:00:00,APLAPOLLO,2197.0,2198.8569614523926,2221.6390913104256,2175.28988365711,2196.7383338425543,0.0008322360335682,20,70.85790300565242,64.76666666666668,6.091236338985744,12.519380375665692,2026-09-29 00:00:00,2026-09-28T17:26:19+00:00,ranking_top10,0,,,,,,,
2026-09-29 00:00:00,GESHIP,1545.0,1547.772113600655,1566.416161030547,1525.2278168394585,1544.58449002313,0.0009583498916725,1,92.02216264338752,78.25,13.772162643387537,21.913227484212168,2026-09-30 00:00:00,2026-09-29T09:57:35+00:00,ranking_top10,1,,,,,,,
2026-09-29 00:00:00,SUNTV,554.9500122070312,557.9196868473232,570.5559664010359,543.4288404839442,554.8208905035914,0.0019784775603823,2,90.15361630024114,79.1,11.05361630024115,10.52269857766169,2026-09-30 00:00:00,2026-09-29T09:57:35+00:00,ranking_top10,1,,,,,,,
2026-09-29 00:00:00,CASTROLIND,198.3600006103516,198.6086754779548,200.46387416909351,196.5772770118539,198.36989781619616,0.0006715115331838,3,88.38169605672446,73.63,14.751696056724471,6.916371760537079,2026-09-30 00:00:00,2026-09-29T09:57:35+00:00,ranking_top10,1,,,,,,,
2026-09-29 00:00:00,MANKIND,2549.89990234375,2557.687890658942,2589.8077800333263,2517.9557980502977,2549.8236639324946,0.0015276629849683,4,85.03239335913105,77.58999999999999,7.442393359131064,1.919576747480738,2026-09-30 00:00:00,2026-09-29T09:57:35+00:00,ranking_top10,1,,,,,,,
2026-09-29 00:00:00,ACUTAAS,3300.300048828125,3310.4793156433534,3358.7616233936246,3253.5187068394303,3301.685855396959,0.0014629079805479,5,84.52039153267016,74.66,9.860391532670167,22.30192854322105,2026-09-30 00:00:00,2026-09-29T09:57:35+00:00,ranking_top10,1,,,,,,,
2026-09-29 00:00:00,ICICIAMC,3220.800048828125,3225.779170593078,3262.2988492977943,3185.681835825441,3220.880794174495,0.0008838709936652,6,84.15453101614553,75.05,9.104531016145524,2.758151156757716,2026-09-30 00:00:00,2026-09-29T09:57:35+00:00,ranking_top10,1,,,,,,,
2026-09-29 00:00:00,KIRLOSENG,2420.800048828125,2429.5706577301235,2502.8824939453866,2362.531783772487,2421.496563108052,0.0020359095289653,7,83.6485098214147,78.66,4.988509821414715,12.382378862123703,2026-09-30 00:00:00,2026-09-29T09:57:35+00:00,ranking_top10,1,,,,,,,
2026-09-29 00:00:00,WELCORP,2810.0,2823.366621912994,2882.9634545427416,2754.445233576653,2811.1059978484354,0.0012923940280651,8,82.85170363243623,74.13,8.721703632436235,23.34498472809935,2026-09-30 00:00:00,2026-09-29T09:57:35+00:00,ranking_top10,1,,,,,,,
2026-09-29 00:00:00,SONACOMS,825.0499877929688,827.490831645442,836.9141498907888,814.9208237493785,825.2844886548148,0.0011501346302751,9,82.30158171001166,72.88,9.421581710011663,19.815532598865456,2026-09-30 00:00:00,2026-09-29T09:57:35+00:00,ranking_top10,1,,,,,,,
2026-09-29 00:00:00,ZYDUSLIFE,1214.0999755859375,1215.3531834767946,1226.9569100872518,1202.307323174635,1214.046559497713,0.0006762548007134,10,81.94681266219776,74.36,7.586812662197758,6.108486372868485,2026-09-30 00:00:00,2026-09-29T09:57:35+00:00,ranking_top10,1,,,,,,,
2026-09-29 00:00:00,ENGINERSIN,308.6499938964844,309.484103822252,314.5345081920556,303.90226785083536,308.58732609782345,0.0010772382857301,11,80.64518626178547,70.66,9.985186261785476,15.858946437321348,2026-09-30 00:00:00,2026-09-29T09:57:35+00:00,ranking_top10,0,,,,,,,
2026-09-29 00:00:00,INDGN,601.5499877929688,602.7469795633417,610.713096535982,593.550152762605,601.1675671106876,0.0009053648335686,12,80.29156788622406,71.57,8.721567886224069,41.25167106080356,2026-09-30 00:00:00,2026-09-29T09:57:35+00:00,ranking_top10,0,,,,,,,
2026-09-29 00:00:00,LAURUSLABS,1994.5,1996.571008952821,2017.338999458456,1975.6738182518309,1995.584774813147,0.0007029740382972,13,79.96945006048101,71.72999999999999,8.239450060481017,43.62032143619836,2026-09-30 00:00:00,2026-09-29T09:57:35+00:00,ranking_top10,0,,,,,,,
2026-09-29 00:00:00,GLAND,2991.199951171875,2998.9504675653047,3034.70884458976,2956.286297090417,2992.8483490621024,0.0011079235973844,14,79.95324750500448,70.24,9.713247505004489,33.217628806380006,2026-09-30 00:00:00,2026-09-29T09:57:35+00:00,ranking_top10,0,,,,,,,
2026-09-29 00:00:00,LGEINDIA,1740.0999755859375,1742.3075094667088,1759.6217632248884,1721.377746794758,1740.0594467054386,0.0006776665905753,15,79.75978361009051,72.75,7.009783610090508,3.322757051071831,2026-09-30 00:00:00,2026-09-29T09:57:35+00:00,ranking_top10,0,,,,,,,
2026-09-29 00:00:00,DIVISLAB,9480.5,9487.336818878252,9566.932021631872,9404.19470016424,9480.919648007392,0.0007321548970009,16,79.5661860883999,69.89,9.676186088399904,5.70108662035994,2026-09-30 00:00:00,2026-09-29T09:57:35+00:00,ranking_top10,0,,,,,,,
2026-09-29 00:00:00,EMCURE,1957.199951171875,1961.6811258666864,1986.21279690856,1932.145133946376,1957.210557470525,0.0010930431570595,17,79.48983699451352,71.2,8.289836994513522,0.4933367959282699,2026-09-30 00:00:00,2026-09-29T09:57:35+00:00,ranking_top10,0,,,,,,,
2026-09-29 00:00:00,HBLENGINE,808.0999755859375,810.8547633401539,822.9110143740265,796.1511770778978,808.2868631246076,0.0012502291585974,18,79.32921533967,71.88,7.449215339670001,15.610415893911693,2026-09-30 00:00:00,2026-09-29T09:57:35+00:00,ranking_top10,0,,,,,,,
2026-09-29 00:00:00,AUROPHARMA,1710.0,1712.0065896929514,1725.7664010019598,1695.7320099344315,1710.588280652055,0.0007560398286547,19,78.89742876671527,70.23,8.667428766715256,31.273080263067207,2026-09-30 00:00:00,2026-09-29T09:57:35+00:00,ranking_top10,0,,,,,,,
2026-09-29 00:00:00,LALPATHLAB,1949.9000244140625,1953.0213249799097,1975.062848429282,1929.26895324428,1950.7719203574488,0.0008510514528909,20,78.84186942178584,70.38999999999999,8.45186942178586,34.44375880012488,2026-09-30 00:00:00,2026-09-29T09:57:35+00:00,ranking_top10,0,,,,,,,
2026-09-30 00:00:00,SUNTV,605.0,605.3864286447471,626.9197547042169,582.7597148383642,598.0306526273417,0.0016333159959542,1,90.87486214144296,79.86921529175049,11.00564684969247,87.58208310788415,2026-10-01 00:00:00,2026-09-30T16:15:39+00:00,ranking_top10,1,,,,,,,
2026-09-30 00:00:00,CUPID,311.6499938964844,313.54000248061647,322.312768746176,305.3766078440094,312.115865269182,0.0022818477105302,2,87.72690752310683,78.04828973843058,9.678617784676248,39.58094580614829,2026-10-01 00:00:00,2026-09-30T16:15:39+00:00,ranking_top10,1,,,,,,,
2026-09-30 00:00:00,GESHIP,1560.0,1562.9824108577538,1579.7122936562278,1541.6301300759214,1559.7941119521347,0.0008991512715749,3,87.15207904364401,73.41046277665995,13.74161626698405,12.79949345071829,2026-10-01 00:00:00,2026-09-30T16:15:39+00:00,ranking_top10,1,,,,,,,
2026-09-30 00:00:00,MTARTECH,7797.0,8032.0239009973375,8134.02201117873,7876.691308184942,8012.738609582629,0.005107647803097,4,85.18917726317665,76.5291750503018,8.660002212874842,84.41701680293069,2026-10-01 00:00:00,2026-09-30T16:15:39+00:00,ranking_top10,1,,,,,,,
2026-09-30 00:00:00,CASTROLIND,200.5200042724609,200.70412085946444,202.40386387914404,198.9215997564964,200.52244494251968,0.0007942715163547,5,85.1676695755797,70.44265593561369,14.725013639966004,1.5093069546747937,2026-10-01 00:00:00,2026-09-30T16:15:39+00:00,ranking_top10,1,,,,,,,
2026-09-30 00:00:00,AZAD,2963.199951171875,2971.5789535162667,3035.331616466726,2898.340113537105,2961.9903328311084,0.0016703049274624,6,85.03821023938755,77.25352112676057,7.784689112626973,19.63963977761913,2026-10-01 00:00:00,2026-09-30T16:15:39+00:00,ranking_top10,1,,,,,,,
2026-09-30 00:00:00,AJANTPHARM,3620.800048828125,3632.2023032608704,3676.759036774549,3578.329042776288,3622.906915985405,0.0011035880977909,7,84.98171473019669,75.36217303822937,9.619541691967312,34.523304352074355,2026-10-01 00:00:00,2026-09-30T16:15:39+00:00,ranking_top10,1,,,,,,,
2026-09-30 00:00:00,SYRMA,1782.9000244140625,1791.062136092507,1826.3123520665504,1750.8562201786272,1784.712748871631,0.0017711682448887,8,84.5476155521485,76.08651911468813,8.46109643746037,36.469363984459086,2026-10-01 00:00:00,2026-09-30T16:15:39+00:00,ranking_top10,1,,,,,,,
2026-09-30 00:00:00,TEGA,2106.699951171875,2114.631193943667,2154.8924757653817,2067.1492895127712,2106.0678323849925,0.0017079268167842,9,84.28997788391318,77.18309859154928,7.106879292363903,14.942971307670735,2026-10-01 00:00:00,2026-09-30T16:15:39+00:00,ranking_top10,1,,,,,,,
2026-09-30 00:00:00,MANKIND,2503.800048828125,2507.5181521294094,2538.4833583068853,2473.22468661158,2502.944355783037,0.0010547449416873,10,83.27057393953774,75.80482897384306,7.465744965694681,24.472401247523745,2026-10-01 00:00:00,2026-09-30T16:15:39+00:00,ranking_top10,1,,,,,,,
2026-09-30 00:00:00,LALPATHLAB,1987.0,1993.3636348466057,2024.2481635767488,1955.9275184719768,1987.2246840977689,0.0008501281168148,11,82.87997595390465,74.39637826961771,8.483597684286938,11.7396639509107,2026-10-01 00:00:00,2026-09-30T16:15:39+00:00,ranking_top10,0,,,,,,,
2026-09-30 00:00:00,SONACOMS,830.0,832.0108714453141,840.784065204438,821.3348423241916,830.5205255567339,0.0011389686896684,12,81.47640305919296,72.00201207243461,9.474390986758346,35.50967751057436,2026-10-01 00:00:00,2026-09-30T16:15:39+00:00,ranking_top10,0,,,,,,,
2026-09-30 00:00:00,ADANIPORTS,1798.300048828125,1800.2003944944338,1817.4917630998675,1781.9910962048768,1799.0012269569547,0.000853641807946,13,81.47175917821808,72.98792756539234,8.48383161282574,31.35463486005242,2026-10-01 00:00:00,2026-09-30T16:15:39+00:00,ranking_top10,0,,,,,,,
2026-09-30 00:00:00,KAJARIACER,1235.0999755859375,1237.497503413774,1253.8975278440855,1218.653493036084,1234.9446172193864,0.0010160066195406,14,81.16637286384382,71.81086519114689,9.355507672696936,11.016541552304393,2026-10-01 00:00:00,2026-09-30T16:15:39+00:00,ranking_top10,0,,,,,,,
2026-09-30 00:00:00,KIRLOSENG,2304.199951171875,2310.149489880428,2352.6325955791226,2260.9081391031773,2301.097887779155,0.0015714976192975,15,81.08674250661522,76.0764587525151,5.010283754100129,46.14031683807524,2026-10-01 00:00:00,2026-09-30T16:15:39+00:00,ranking_top10,0,,,,,,,
2026-09-30 00:00:00,STLTECH,909.9000244140624,943.400613661985,952.263674439538,918.8127013430852,940.755128810648,0.0055518712221981,16,80.9982013959882,73.25955734406438,7.738644051923822,85.93120386242492,2026-10-01 00:00:00,2026-09-30T16:15:39+00:00,ranking_top10,0,,,,,,,
2026-09-30 00:00:00,TDPOWERSYS,786.0499877929688,789.0497023423384,802.7092381422108,773.7086503885525,786.1846550409675,0.0016466741988968,17,80.81625863326589,71.57947686116701,9.236781772098883,9.42364620757329,2026-10-01 00:00:00,2026-09-30T16:15:39+00:00,ranking_top10,0,,,,,,,
2026-09-30 00:00:00,AEGISLOG,1380.0999755859375,1384.9337089691426,1411.0428150408427,1357.122151842948,1381.2110316835572,0.001566344220334,18,80.4919723713948,70.51307847082495,9.978893900569847,33.94851677239046,2026-10-01 00:00:00,2026-09-30T16:15:39+00:00,ranking_top10,0,,,,,,,
2026-09-30 00:00:00,WHIRLPOOL,890.25,892.9290348667541,913.3237561833228,871.6677374101132,889.4862739471046,0.0019997883316046,19,79.91664924343853,73.48088531187122,6.435763931567313,30.02023430630184,2026-10-01 00:00:00,2026-09-30T16:15:39+00:00,ranking_top10,0,,,,,,,
2026-09-30 00:00:00,REDINGTON,407.0,408.0205095412498,413.2096767140431,402.2472956203752,407.1825375016385,0.0011257411527872,20,79.66764478153729,69.95975855130786,9.707886230229438,28.489694102123654,2026-10-01 00:00:00,2026-09-30T16:15:39+00:00,ranking_top10,0,,,,,,,
2026-10-01 00:00:00,SUNTV,599.9000244140625,601.1573932895243,614.0056862800419,584.9371141056711,597.609104471262,0.0015337638950232,1,89.72798085371662,78.72233400402415,11.00564684969247,71.34544218705383,2026-10-05 00:00:00,2026-10-01T16:53:35+00:00,ranking_top10,1,,,,,,,
2026-10-01 00:00:00,WELSPUNLIV,239.1699981689453,240.6520381820781,245.65999703703568,235.0314137681124,239.33889000313047,0.0014769826213279,2,86.87691999218407,79.476861167002,7.400058825182079,32.34597297105363,2026-10-05 00:00:00,2026-10-01T16:53:35+00:00,ranking_top10,1,,,,,,,
2026-10-01 00:00:00,MTARTECH,7797.0,7822.470037880886,7985.290233134538,7646.676810937392,7794.791968103197,0.0013270853695533,3,86.70829195130543,78.04828973843058,8.660002212874842,17.586429563294676,2026-10-05 00:00:00,2026-10-01T16:53:35+00:00,ranking_top10,1,,,,,,,
2026-10-01 00:00:00,STLTECH,955.3499755859376,963.9786434115048,990.89275191191,935.4494562913764,964.6940233903772,0.0007774555018079,4,86.5213402289862,78.78269617706238,7.738644051923822,92.63648690911285,2026-10-05 00:00:00,2026-10-01T16:53:35+00:00,ranking_top10,1,,,,,,,
2026-10-01 00:00:00,ENGINERSIN,312.75,313.8168371469128,319.2456313341418,307.5939922230382,312.5983161597579,0.0012679295479333,5,85.3383385561571,75.32193158953723,10.01640696661987,27.66798068304344,2026-10-05 00:00:00,2026-10-01T16:53:35+00:00,ranking_top10,1,,,,,,,
2026-10-01 00:00:00,TDPOWERSYS,792.1500244140625,795.075332707802,809.3884473784213,778.4726734760328,792.1498423140447,0.0017279118926678,6,85.2931198002679,76.05633802816902,9.236781772098883,0.0133021910200397,2026-10-05 00:00:00,2026-10-01T16:53:35+00:00,ranking_top10,1,,,,,,,
2026-10-01 00:00:00,HFCL,238.3600006103516,240.12904832776653,245.61589938242068,234.6096020479226,240.9484218040195,0.0024212154918509,7,84.98740114871015,77.43460764587525,7.552793502834897,81.76865433226656,2026-10-05 00:00:00,2026-10-01T16:53:35+00:00,ranking_top10,1,,,,,,,
2026-10-01 00:00:00,CASTROLIND,199.0399932861328,199.19026345778,201.14169458771923,197.1977111983953,199.00217810421788,0.000769452835399,8,84.29241806652537,69.56740442655936,14.725013639966004,19.80193867550422,2026-10-05 00:00:00,2026-10-01T16:53:35+00:00,ranking_top10,1,,,,,,,
2026-10-01 00:00:00,GESHIP,1530.5999755859375,1531.7122764026144,1549.58038634936,1513.2429549290714,1529.9261708735178,0.0008529187791649,9,83.94282351044481,70.20120724346076,13.74161626698405,34.04288286607239,2026-10-05 00:00:00,2026-10-01T16:53:35+00:00,ranking_top10,1,,,,,,,
2026-10-01 00:00:00,CUPID,312.5,313.50335555033456,318.8126583374611,307.81646419387386,312.63647198413383,0.0015775930833167,10,83.61221939433419,73.93360160965794,9.678617784676248,21.68046492759278,2026-10-05 00:00:00,2026-10-01T16:53:35+00:00,ranking_top10,1,,,,,,,
2026-10-01 00:00:00,LALPATHLAB,2005.0999755859373,2009.877280784383,2040.5499129094565,1976.6578411513524,2004.8402935271367,0.0010536021974354,11,83.5540202194982,75.07042253521126,8.483597684286938,10.946611281473643,2026-10-05 00:00:00,2026-10-01T16:53:35+00:00,ranking_top10,0,,,,,,,
2026-10-01 00:00:00,AEGISLOG,1401.0999755859375,1405.1740128235845,1431.5398174138757,1377.993594851477,1402.0728207111238,0.0013712453915796,12,82.46380335731028,72.48490945674044,9.978893900569847,33.61480703221045,2026-10-05 00:00:00,2026-10-01T16:53:35+00:00,ranking_top10,0,,,,,,,
2026-10-01 00:00:00,KOTAKBANK,418.3500061035156,419.2090706762974,424.3882644600194,413.4276597817959,418.18721044831335,0.0008594962581245,13,82.24278731353722,72.91750503018109,9.325282283356136,31.165060536771605,2026-10-05 00:00:00,2026-10-01T16:53:35+00:00,ranking_top10,0,,,,,,,
2026-10-01 00:00:00,CUB,230.0399932861328,230.78812172501728,234.1600618867804,226.67929962260828,229.9587774511444,0.0012531134236787,14,81.30393625004464,71.18712273641852,10.116813513626129,21.9809967773646,2026-10-05 00:00:00,2026-10-01T16:53:35+00:00,ranking_top10,0,,,,,,,
2026-10-01 00:00:00,AZAD,2860.89990234375,2867.914200089748,2921.908397952453,2807.2494768384067,2859.179840768524,0.0011902869966313,15,81.1347897162487,73.35010060362173,7.784689112626973,33.55986208458024,2026-10-05 00:00:00,2026-10-01T16:53:35+00:00,ranking_top10,0,,,,,,,
2026-10-01 00:00:00,PRIVISCL,3573.0,3577.8880960047472,3622.12959913541,3530.5585451560582,3572.6810455671784,0.0010122303242097,16,80.56199865504513,72.79678068410463,7.765217970940498,8.10423078270651,2026-10-05 00:00:00,2026-10-01T16:53:35+00:00,ranking_top10,0,,,,,,,
2026-10-01 00:00:00,CYIENT,1104.5999755859375,1107.664228964638,1124.7125508733454,1087.8409772140526,1104.3035082011909,0.0010188979275268,17,78.69984832193674,70.58350100603622,8.116347315900523,20.84947083165987,2026-10-05 00:00:00,2026-10-01T16:53:35+00:00,ranking_top10,0,,,,,,,
2026-10-01 00:00:00,AETHER,1670.0,1672.5536471318037,1696.6254958151883,1646.328318765293,1669.398149936789,0.0010978452427226,18,78.22815641312259,69.78873239436619,8.439424018756394,24.714081231880588,2026-10-05 00:00:00,2026-10-01T16:53:35+00:00,ranking_top10,0,,,,,,,
2026-10-01 00:00:00,ACE,1212.300048828125,1214.124850858321,1233.7924961000226,1193.2789071858435,1212.9290079699863,0.0008935273315928,19,78.12172308298692,69.19517102615694,8.926552056829982,36.73435453113131,2026-10-05 00:00:00,2026-10-01T16:53:35+00:00,ranking_top10,0,,,,,,,
2026-10-01 00:00:00,SYRMA,1717.9000244140625,1722.499678228639,1758.207109740726,1685.097612065041,1718.3486626771512,0.0012051852191772,20,78.07880267488493,69.61770623742456,8.46109643746037,17.809989517978362,2026-10-05 00:00:00,2026-10-01T16:53:35+00:00,ranking_top10,0,,,,,,,
2026-10-05 00:00:00,SUNTV,626.8499755859375,629.2608385166334,644.4827861549937,610.6098185804873,625.6659372938741,0.0020950558960382,1,89.3122406984996,78.30985915492957,11.00238154357002,47.41228123181944,2026-10-06 00:00:00,2026-10-05T11:22:49+00:00,ranking_recent_error_adjusted,1,0.0442347117558631,0.7457126947390934,1.7457126947390935,,,,
2026-10-05 00:00:00,GESHIP,1559.300048828125,1562.8933082895571,1580.590718468841,1540.744620386124,1559.088062570576,0.0010111841810619,2,87.63197556563308,73.90342052313883,13.728555042494254,11.851243913146853,2026-10-06 00:00:00,2026-10-05T11:22:49+00:00,ranking_recent_error_adjusted,1,0.0159310845753807,0.0,2.0,,,,
2026-10-05 00:00:00,STLTECH,1001.25,1007.75631887167,1033.9099237089183,978.882657968077,1003.158315567218,0.0017966598888996,3,86.61888262622679,78.88329979879276,7.735582827434028,51.47563154671414,2026-10-06 00:00:00,2026-10-05T11:22:49+00:00,ranking_recent_error_adjusted,1,0.0365103386862649,0.4845277022186552,3.484527702218655,,,,
2026-10-05 00:00:00,TDPOWERSYS,812.9000244140625,816.7451542469508,833.8566707796778,796.9777649441575,812.5895049429455,0.0021878487830815,4,86.5305443475516,77.29376257545272,9.236781772098883,14.864348044269905,2026-10-06 00:00:00,2026-10-05T11:22:49+00:00,ranking_recent_error_adjusted,1,0.0255261181902098,0.1131171654339246,4.113117165433924,,,,
2026-10-05 00:00:00,REDINGTON,412.75,414.5477369154905,420.67314362477816,407.1826577055666,413.2960639103188,0.0014900239885221,5,86.31063094164719,76.62977867203219,9.680852269615007,47.0310397709403,2026-10-06 00:00:00,2026-10-05T11:22:49+00:00,ranking_recent_error_adjusted,1,,0.0,5.0,,,,
2026-10-05 00:00:00,LGEINDIA,1770.9000244140625,1777.0873920284623,1801.887757700685,1745.5033693491926,1770.660609668947,0.0012622948527738,6,85.05722562428534,78.06841046277665,6.988815161508684,9.674055016143107,2026-10-06 00:00:00,2026-10-05T11:22:49+00:00,ranking_recent_error_adjusted,1,0.0121710147474047,0.0,6.0,,,,
2026-10-05 00:00:00,CYIENT,1140.199951171875,1146.052657154808,1166.138768837941,1120.8985609582676,1140.248221282891,0.0017905541758868,7,84.98428715505601,76.89134808853119,8.092939066524822,2.3097295246162117,2026-10-06 00:00:00,2026-10-05T11:22:49+00:00,ranking_recent_error_adjusted,1,,0.0,7.0,,,,
2026-10-05 00:00:00,HFCL,250.2700042724609,252.0183285371648,257.5045709889569,245.8230530577712,251.9159799620053,0.0010453123343374,8,84.06321801494674,76.5291750503018,7.534042964644938,86.28579153205959,2026-10-06 00:00:00,2026-10-05T11:22:49+00:00,ranking_recent_error_adjusted,1,0.0372461034455145,0.5094061889786692,8.50940618897867,,,,
2026-10-05 00:00:00,CPPLUS,3989.5,4015.3783917548826,4131.017388234003,3934.502457016148,4018.468577838688,0.0025396461073086,9,82.57940334798663,73.60160965794768,8.97779369003895,74.08749456961671,2026-10-06 00:00:00,2026-10-05T11:22:49+00:00,ranking_recent_error_adjusted,1,,0.0,9.0,,,,
2026-10-05 00:00:00,WELSPUNLIV,230.2700042724609,230.891260199856,235.4836975535348,225.9750101058187,230.25465511949145,0.0008828345588429,10,82.5602613051894,75.18108651911469,7.379174786074711,7.0203028423688885,2026-10-06 00:00:00,2026-10-05T11:22:49+00:00,ranking_recent_error_adjusted,1,0.0393837041838024,0.5816850946983859,10.581685094698386,,,,
2026-10-05 00:00:00,PERSISTENT,5530.0,5541.286470702754,5608.555664179692,5457.064915818426,5531.03570165658,0.0013085338340027,11,82.00496347125782,70.56338028169014,11.441583189567686,12.52073209356517,2026-10-06 00:00:00,2026-10-05T11:22:49+00:00,ranking_recent_error_adjusted,0,,0.0,11.0,,,,
2026-10-05 00:00:00,PETRONET,290.0,290.7485809493962,293.3915411303475,287.1436308908221,290.02586962377575,0.0010236814798067,12,81.946973555494,72.62575452716298,9.321219028331022,8.015691879919178,2026-10-06 00:00:00,2026-10-05T11:22:49+00:00,ranking_recent_error_adjusted,0,0.0227957370151368,0.0207945160274429,12.020794516027443,,,,
2026-10-05 00:00:00,CASTROLIND,199.50999450683597,199.70821068076555,201.61335399845544,197.6913312758434,199.52472730651328,0.0007409295693082,13,81.85062417303504,67.15291750503017,14.697706668004871,9.063234231856535,2026-10-06 00:00:00,2026-10-05T11:22:49+00:00,ranking_recent_error_adjusted,0,0.0069053267471589,0.0,13.0,,,,
2026-10-05 00:00:00,MTARTECH,7654.0,7674.387395148829,7799.469547749297,7546.144041779733,7658.062258471623,0.0011403351832949,14,81.67121505957529,73.00804828973843,8.663166769836868,31.76025428851859,2026-10-06 00:00:00,2026-10-05T11:22:49+00:00,ranking_recent_error_adjusted,0,0.0230319994789898,0.0287832821445506,14.02878328214455,,,,
2026-10-05 00:00:00,CUPID,310.1000061035156,311.1448993849495,317.33131104726124,304.28292121576874,310.06899683768904,0.001324353630143,15,81.66050913276479,71.98189134808854,9.678617784676248,7.020573734700744,2026-10-06 00:00:00,2026-10-05T11:22:49+00:00,ranking_recent_error_adjusted,0,0.0047043702140917,0.0,15.0,,,,
2026-10-05 00:00:00,LALPATHLAB,1971.300048828125,1974.608467935651,2001.6830405031017,1944.516348393504,1971.3780907317928,0.0008177924221053,16,80.66626965061451,72.19315895372233,8.473110696892176,4.617437500372498,2026-10-06 00:00:00,2026-10-05T11:22:49+00:00,ranking_recent_error_adjusted,0,,0.0,16.0,,,,
2026-10-05 00:00:00,ACE,1227.5,1229.9457967957555,1246.6386724741594,1211.3413153990248,1227.6678660233365,0.0010546754254628,17,80.39044099485372,71.47887323943661,8.911567755417108,11.478174807807587,2026-10-06 00:00:00,2026-10-05T11:22:49+00:00,ranking_recent_error_adjusted,0,,0.0,17.0,,,,
2026-10-05 00:00:00,NYKAA,339.54998779296875,340.61424179265714,345.2483720611309,335.70018337040705,340.13796807165375,0.0009238053133394,18,80.27972062014935,73.44064386317908,6.839076756970275,65.21098275765905,2026-10-06 00:00:00,2026-10-05T11:22:49+00:00,ranking_recent_error_adjusted,0,,0.0,18.0,,,,
2026-10-05 00:00:00,COALINDIA,425.1000061035156,425.6908407455143,429.34478955510383,421.5166858774165,425.2829389702259,0.000766784227953,19,79.92271915499042,69.02414486921529,10.898574285775124,35.94722698481389,2026-10-06 00:00:00,2026-10-05T11:22:49+00:00,ranking_recent_error_adjusted,0,,0.0,19.0,,,,
2026-10-05 00:00:00,ADANIPORTS,1774.0,1777.6858829888192,1796.605084536644,1755.3233554912592,1774.6410060787732,0.0010511452802745,20,79.58820975211168,71.13682092555332,8.451388826558361,25.58153040766565,2026-10-06 00:00:00,2026-10-05T11:22:49+00:00,ranking_recent_error_adjusted,0,,0.0,20.0,,,,
2026-10-06 00:00:00,RRKABEL,2789.699951171875,2797.974747797391,2850.148443555395,2739.7988477038875,2793.713744442618,0.0012787790671906656,1,88.14211532489573,79.22535211267606,8.916763212219665,52.94401402595101,2026-10-07 00:00:00,2026-10-06T13:47:37+00:00,ranking_top10,1,,,,,CORE,1.0,52.94401402595101
2026-10-06 00:00:00,STLTECH,1016.7000122070312,1020.6528235310889,1038.657379151535,995.879271759374,1015.669568740839,0.0016339467864997484,2,86.361147790449,78.6317907444668,7.729357045982205,38.282579810390814,2026-10-07 00:00:00,2026-10-06T13:47:37+00:00,ranking_top10,1,,,,,CORE,1.0,38.282579810390814
2026-10-06 00:00:00,CUPID,324.20001220703125,325.92588387760287,332.8991582398879,318.14530666370734,324.6596250758805,0.0015474208412766437,3,85.28223951505855,75.6036217303823,9.678617784676247,47.812255921625045,2026-10-07 00:00:00,2026-10-06T13:47:37+00:00,ranking_top10,1,,,,,CORE,1.0,47.812255921625045
2026-10-06 00:00:00,BHEL,452.0,454.159773665751,461.2263688728368,445.69678309860484,452.34664661783256,0.0014647150475065593,4,85.04895739163999,77.67605633802816,7.3729010536118285,34.36575465893644,2026-10-07 00:00:00,2026-10-06T13:47:37+00:00,ranking_top10,1,,,,,CORE,1.0,34.36575465893644
2026-10-06 00:00:00,AETHER,1799.800048828125,1806.7000371394292,1846.3060902879577,1767.1298700555385,1801.820846264464,0.0021141242857051347,5,85.01002720387069,76.579476861167,8.430550342703695,34.687046951141085,2026-10-07 00:00:00,2026-10-06T13:47:37+00:00,ranking_top10,1,,,,,CORE,1.0,34.687046951141085
2026-10-06 00:00:00,MOTILALOFS,1081.1500244140625,1086.0002978126995,1102.9132097904762,1065.8215265089057,1081.8392331438363,0.0016846841707627066,6,84.35184870666772,75.7344064386318,8.617442268035933,27.451897559339205,2026-10-07 00:00:00,2026-10-06T13:47:37+00:00,ranking_top10,1,,,,,CORE,1.0,27.451897559339205
2026-10-06 00:00:00,KOTAKBANK,431.8999938964844,433.60000767714,438.09120115137887,426.9160008787374,431.7838978464725,0.0011880193390388812,7,84.28518744681739,74.9496981891348,9.335489257682585,18.451327981466854,2026-10-07 00:00:00,2026-10-06T13:47:37+00:00,ranking_top10,1,,,,,CORE,1.0,18.451327981466854
2026-10-06 00:00:00,AZAD,3062.60009765625,3074.964339047123,3133.7433348022037,3009.9847573017873,3063.0242467998205,0.0018858611856888343,8,83.62036919674833,75.8450704225352,7.775298774213128,6.841349375066553,2026-10-07 00:00:00,2026-10-06T13:47:37+00:00,ranking_top10,1,,,,,CORE,1.0,6.841349375066553
2026-10-06 00:00:00,MEESHO,238.22000122070312,239.74037543275054,244.99119934915038,233.9394842539073,238.83635182397717,0.001187025127501088,9,83.59393134393883,76.53923541247485,7.054695931463987,68.55014302261128,2026-10-07 00:00:00,2026-10-06T13:47:37+00:00,ranking_top10,1,,,,,CORE,1.0,68.55014302261128
2026-10-06 00:00:00,CPPLUS,3976.0,3986.670612154328,4058.0917060474244,3911.162166716112,3975.729037449507,0.001310022847309707,10,83.22246927063867,74.14486921529175,9.077600055346922,4.944920948592312,2026-10-07 00:00:00,2026-10-06T13:47:37+00:00,ranking_top10,1,,,,,CORE,1.0,4.944920948592312
2026-10-06 00:00:00,BBOX,839.9500122070312,843.6998410453374,857.7831262459242,826.6841129235974,840.4632826500757,0.0016191389993119333,11,82.6734875408626,76.80080482897384,5.872682711888764,27.399759049593722,2026-10-07 00:00:00,2026-10-06T13:47:37+00:00,ranking_top10,0,,,,,CORE,1.0,27.399759049593722
2026-10-06 00:00:00,HFCL,262.7799987792969,268.82679080841353,273.77611541080427,259.54945283520874,266.55228557156806,0.003548894314955411,12,82.58270911244651,75.16096579476861,7.421743317677899,80.1784238874366,2026-10-07 00:00:00,2026-10-06T13:47:37+00:00,ranking_top10,0,,,,,CORE,1.0,80.1784238874366
2026-10-06 00:00:00,LAURUSLABS,2050.0,2055.835904429022,2079.716176901789,2026.2059349030606,2050.2477458355297,0.0011518912777981796,13,82.41239140383517,74.08450704225352,8.327884361581653,9.495368359447198,2026-10-07 00:00:00,2026-10-06T13:47:37+00:00,ranking_top10,0,,,,,CORE,1.0,9.495368359447198
2026-10-06 00:00:00,SUNTV,632.0999755859375,633.5022908554367,645.2349505378428,619.4126590501614,630.8117042587271,0.0019134946526909976,14,82.11411962999114,71.24748490945674,10.866634720534394,51.57642084674019,2026-10-07 00:00:00,2026-10-06T13:47:37+00:00,ranking_top10,0,,,,,CORE,1.0,51.57642084674019
2026-10-06 00:00:00,WELSPUNLIV,237.86000061035156,238.9443554197252,242.79441147773335,234.26087270948898,237.9290691733691,0.00120601274949525,15,82.08797102795376,74.68812877263582,7.399842255317928,19.4050561199301,2026-10-07 00:00:00,2026-10-06T13:47:37+00:00,ranking_top10,0,,,,,CORE,1.0,19.4050561199301
2026-10-06 00:00:00,RKFORGE,732.6500244140625,735.4386721865438,746.8208426292811,721.6748691916991,732.9552826914651,0.001352089685557541,16,81.75777632119357,74.36619718309859,7.3915791380949765,23.55630015647428,2026-10-07 00:00:00,2026-10-06T13:47:37+00:00,ranking_top10,0,,,,,CORE,1.0,23.55630015647428
2026-10-06 00:00:00,TDPOWERSYS,816.0,818.5150194435881,832.3245717127496,803.0278439312691,815.6536900977276,0.0014258359072075863,17,81.72007144477806,72.37424547283702,9.345825971941037,22.93759019034477,2026-10-07 00:00:00,2026-10-06T13:47:37+00:00,ranking_top10,0,,,,,CORE,1.0,22.93759019034477
2026-10-06 00:00:00,KPIL,1451.5,1456.709732554274,1479.5661620088385,1427.5799524465097,1451.8966228027443,0.0016090372238037904,18,81.27631520003698,73.61167002012073,7.664645179916242,14.516926452854001,2026-10-07 00:00:00,2026-10-06T13:47:37+00:00,ranking_top10,0,,,,,CORE,1.0,14.516926452854001
2026-10-06 00:00:00,PETRONET,297.5,298.79613685757425,301.27202032128645,294.7131759724504,297.62518731525057,0.0010686867546064035,19,81.20932715670978,71.8712273641851,9.33809979252468,28.251231323305237,2026-10-07 00:00:00,2026-10-06T13:47:37+00:00,ranking_top10,0,,,,,CORE,1.0,28.251231323305237
2026-10-06 00:00:00,AEGISLOG,1395.9000244140625,1400.4437917676603,1422.58312241021,1376.064261022834,1398.1438549812672,0.00132354875543323,20,80.86585799888323,71.0261569416499,9.839701057233325,54.84298173600734,2026-10-07 00:00:00,2026-10-06T13:47:37+00:00,ranking_top10,0,,,,,CORE,1.0,54.84298173600734
