prediction_date,symbol,base_close,predicted_open,predicted_high,predicted_low,predicted_close,rank,score,target_date,created_at,prediction_spread,technical_score,fundamental_score,confidence_score,selection_method,selected,recent_close_error,selection_penalty,selection_priority,listing_age_days,listing_status,listing_confidence_factor,adjusted_confidence_score,confidence_calibration_version,direction_probability,direction_score_model,return_20d,volatility20,close_sma20_gap,confidence_tier,risk_level,index_risk_multiplier,market_intelligence_score,sector_news_score,stock_news_score,stock_news_count,stock_news_reason,adaptive_selection_score,risk_budget_weight,risk_budget_value,selection_explanation,total_score,risk_off_defensive_score,risk_off_selection_score
2026-09-17,TATAINVEST,719.2999877929688,722.373313759574,739.5477749833113,706.230550496186,721.5917047306792,1,78.9,2026-09-18,2026-09-17T16:08:02+00:00,,,,,,,,,,,,,,,,,,,,,,,,,,,,,,,,,,
2026-09-17,APARINDS,17801.0,17856.70617577066,18171.00090631661,17540.80266252565,17840.808608574986,2,75.23333333333335,2026-09-18,2026-09-17T16:08:02+00:00,,,,,,,,,,,,,,,,,,,,,,,,,,,,,,,,,,
2026-09-17,NIACL,197.0500030517578,197.8927223204016,202.6813910590089,192.340908543644,197.7774154316011,3,74.13333333333333,2026-09-18,2026-09-17T16:08:02+00:00,,,,,,,,,,,,,,,,,,,,,,,,,,,,,,,,,,
2026-09-17,PAYTM,1763.0,1765.64889956472,1792.6878840331472,1737.358548800013,1763.66078761219,4,73.53333333333333,2026-09-18,2026-09-17T16:08:02+00:00,,,,,,,,,,,,,,,,,,,,,,,,,,,,,,,,,,
2026-09-17,IPCALAB,1970.300048828125,1974.0313189509727,2001.6697293581333,1945.3362998445948,1972.486556892588,5,72.93333333333334,2026-09-18,2026-09-17T16:08:02+00:00,,,,,,,,,,,,,,,,,,,,,,,,,,,,,,,,,,
2026-09-17,AUROPHARMA,1690.0,1694.235563592843,1719.5379763361254,1665.3923255146935,1692.571229198615,6,72.8,2026-09-18,2026-09-17T16:08:02+00:00,,,,,,,,,,,,,,,,,,,,,,,,,,,,,,,,,,
2026-09-17,BHEL,429.2000122070313,430.3141797984618,438.71166800341695,422.5580541075223,430.2782880462445,7,71.33333333333334,2026-09-18,2026-09-17T16:08:02+00:00,,,,,,,,,,,,,,,,,,,,,,,,,,,,,,,,,,
2026-09-17,IDFCFIRSTB,86.33000183105469,86.5526088314711,87.7177287319622,85.24263845457034,86.43068718123857,8,68.8,2026-09-18,2026-09-17T16:08:02+00:00,,,,,,,,,,,,,,,,,,,,,,,,,,,,,,,,,,
2026-09-17,LICHSGFIN,545.9000244140625,546.8013018082646,555.0676532811276,538.6902215732448,546.4702779305928,9,68.66666666666667,2026-09-18,2026-09-17T16:08:02+00:00,,,,,,,,,,,,,,,,,,,,,,,,,,,,,,,,,,
2026-09-17,LAURUSLABS,1948.0999755859373,1952.6874733417,1981.7769142459288,1922.1138882206471,1951.0178566829927,10,66.5,2026-09-18,2026-09-17T16:08:02+00:00,,,,,,,,,,,,,,,,,,,,,,,,,,,,,,,,,,
2026-09-18,APARINDS,18858.0,18887.08738315528,19218.21251995249,18584.50136715544,18864.221173771897,1,85.67792939935629,2026-09-21,2026-09-18T13:44:43+00:00,,,,,,,,,,,,,,,,,,,,,,,,,,,,,,,,,,
2026-09-18,LENSKART,707.2000122070312,709.5284482393082,717.4934292580492,698.3770521419964,706.9972037204597,2,83.06545970301524,2026-09-21,2026-09-18T13:44:43+00:00,,,,,,,,,,,,,,,,,,,,,,,,,,,,,,,,,,
2026-09-18,SUNDARMFIN,4730.60009765625,4742.372345673899,4792.039781929119,4678.912088878215,4730.394029448571,3,82.13171663739367,2026-09-21,2026-09-18T13:44:43+00:00,,,,,,,,,,,,,,,,,,,,,,,,,,,,,,,,,,
2026-09-18,TATAINVEST,702.3499755859375,703.5097699946497,714.5558806819557,691.9818658736988,702.1980042771759,4,81.55280099479717,2026-09-21,2026-09-18T13:44:43+00:00,,,,,,,,,,,,,,,,,,,,,,,,,,,,,,,,,,
2026-09-18,IPCALAB,2009.5999755859373,2015.598519727248,2035.299626445243,1989.238366804076,2010.0541840660417,5,81.08264640739867,2026-09-21,2026-09-18T13:44:43+00:00,,,,,,,,,,,,,,,,,,,,,,,,,,,,,,,,,,
2026-09-18,AUROPHARMA,1734.0,1739.6376394592928,1758.6789881409104,1714.078463570446,1734.9874243661682,6,78.86929427170189,2026-09-21,2026-09-18T13:44:43+00:00,,,,,,,,,,,,,,,,,,,,,,,,,,,,,,,,,,
2026-09-18,PAYTM,1849.9000244140625,1856.8378067154845,1884.8878768261943,1825.28085000846,1850.242836358213,7,78.80933782133195,2026-09-21,2026-09-18T13:44:43+00:00,,,,,,,,,,,,,,,,,,,,,,,,,,,,,,,,,,
2026-09-18,JSWINFRA,348.25,349.3952631758437,355.1567778541536,342.8017007249585,347.7766792012041,8,77.9126646072483,2026-09-21,2026-09-18T13:44:43+00:00,,,,,,,,,,,,,,,,,,,,,,,,,,,,,,,,,,
2026-09-18,MEDANTA,1499.4000244140625,1504.413012167602,1526.0995869186368,1479.2390573676068,1500.193539542767,9,77.90109023781052,2026-09-21,2026-09-18T13:44:43+00:00,,,,,,,,,,,,,,,,,,,,,,,,,,,,,,,,,,
2026-09-18,LGEINDIA,1696.9000244140625,1702.545662159137,1721.7091958079673,1676.357998458614,1697.2871625776877,10,77.53632683021371,2026-09-21,2026-09-18T13:44:43+00:00,,,,,,,,,,,,,,,,,,,,,,,,,,,,,,,,,,
2026-09-21,APARINDS,18945.0,18976.49914836508,19231.39355681443,18724.238621530018,18956.089716957627,1,85.54459606602296,2026-09-22,2026-09-21T13:01:09+00:00,,,,,,,,,,,,,,,,,,,,,,,,,,,,,,,,,,
2026-09-21,LICHSGFIN,568.0,569.8540783196704,577.644101861924,560.6148381134209,568.5288118589673,2,82.82286513672342,2026-09-22,2026-09-21T13:01:09+00:00,,,,,,,,,,,,,,,,,,,,,,,,,,,,,,,,,,
2026-09-21,PATANJALI,396.2000122070313,397.8007033675567,407.22238276610153,387.87256872187663,395.59754245287695,3,82.28149176007044,2026-09-22,2026-09-21T13:01:09+00:00,,,,,,,,,,,,,,,,,,,,,,,,,,,,,,,,,,
2026-09-21,AUROPHARMA,1713.4000244140625,1716.0843262806582,1734.493453286136,1694.283462461844,1713.8761783137752,4,81.33596093836856,2026-09-22,2026-09-21T13:01:09+00:00,,,,,,,,,,,,,,,,,,,,,,,,,,,,,,,,,,
2026-09-21,PAYTM,1810.0,1813.3592993717368,1835.711144027368,1787.0326424525465,1810.08033879954,5,80.34267115466528,2026-09-22,2026-09-21T13:01:09+00:00,,,,,,,,,,,,,,,,,,,,,,,,,,,,,,,,,,
2026-09-21,LENSKART,683.8499755859375,685.1173524200225,693.151052274662,674.1463941017616,683.7544212552035,6,79.69879303634858,2026-09-22,2026-09-21T13:01:09+00:00,,,,,,,,,,,,,,,,,,,,,,,,,,,,,,,,,,
2026-09-21,MEDANTA,1508.0999755859375,1510.8625850340104,1527.182562729302,1493.1162876206374,1508.7559207410388,7,79.63442357114384,2026-09-22,2026-09-21T13:01:09+00:00,,,,,,,,,,,,,,,,,,,,,,,,,,,,,,,,,,
2026-09-21,LAURUSLABS,2017.5,2023.363153697112,2044.804255004001,1993.1138103323167,2017.824996813724,8,79.13003332684644,2026-09-22,2026-09-21T13:01:09+00:00,,,,,,,,,,,,,,,,,,,,,,,,,,,,,,,,,,
2026-09-21,JSWINFRA,349.6000061035156,350.238930891466,353.55840308553815,346.2830542292905,349.581523722821,9,78.77933127391498,2026-09-22,2026-09-21T13:01:09+00:00,,,,,,,,,,,,,,,,,,,,,,,,,,,,,,,,,,
2026-09-21,IPCALAB,2008.199951171875,2010.0536951154163,2029.791150461867,1989.211743269332,2008.0880271022363,10,78.58264640739867,2026-09-22,2026-09-21T13:01:09+00:00,,,,,,,,,,,,,,,,,,,,,,,,,,,,,,,,,,
2026-09-22,JSWINFRA,367.6000061035156,369.1016765236006,375.2877962769911,361.4840677907057,367.4393194479345,1,87.4126646072483,2026-09-23,2026-09-22T13:34:01+00:00,,,,,,,,,,,,,,,,,,,,,,,,,,,,,,,,,,
2026-09-22,APARINDS,18233.0,18297.49765347224,18603.88146183029,17883.141624363347,18228.256887792995,2,87.0779293993563,2026-09-23,2026-09-22T13:34:01+00:00,,,,,,,,,,,,,,,,,,,,,,,,,,,,,,,,,,
2026-09-22,LICHSGFIN,565.0,565.6232929937518,571.892332512841,559.0095489227241,565.0790643764254,3,83.42286513672342,2026-09-23,2026-09-22T13:34:01+00:00,,,,,,,,,,,,,,,,,,,,,,,,,,,,,,,,,,
2026-09-22,PATANJALI,404.0,404.6317467583869,411.0832580426925,397.4399710729997,403.2445653452381,4,82.41482509340376,2026-09-23,2026-09-22T13:34:01+00:00,,,,,,,,,,,,,,,,,,,,,,,,,,,,,,,,,,
2026-09-22,SUNDARMFIN,4751.89990234375,4763.485956845383,4816.606434324458,4695.847022340758,4750.379652389706,5,82.065049970727,2026-09-23,2026-09-22T13:34:01+00:00,,,,,,,,,,,,,,,,,,,,,,,,,,,,,,,,,,
2026-09-22,AUROPHARMA,1700.0,1700.9116990972263,1716.6505847190467,1685.6300006389386,1700.575862116673,6,78.33596093836856,2026-09-23,2026-09-22T13:34:01+00:00,,,,,,,,,,,,,,,,,,,,,,,,,,,,,,,,,,
2026-09-22,GLENMARK,2461.39990234375,2463.8892998364267,2484.5247566714147,2440.6248604862067,2461.43981112616,7,78.26770297488122,2026-09-23,2026-09-22T13:34:01+00:00,,,,,,,,,,,,,,,,,,,,,,,,,,,,,,,,,,
2026-09-22,PAYTM,1814.4000244140625,1817.0471419373507,1834.823354631675,1794.0850891345344,1814.3369520075016,8,77.6426711546653,2026-09-23,2026-09-22T13:34:01+00:00,,,,,,,,,,,,,,,,,,,,,,,,,,,,,,,,,,
2026-09-22,LAURUSLABS,2006.5,2007.4571950019392,2027.392355225351,1988.770727135428,2006.3388511561127,9,77.63003332684644,2026-09-23,2026-09-22T13:34:01+00:00,,,,,,,,,,,,,,,,,,,,,,,,,,,,,,,,,,
2026-09-22,NTPCGREEN,93.30999755859376,93.73306034150396,94.55169968013811,92.34624095845264,93.20495299047796,10,76.72803848381669,2026-09-23,2026-09-22T13:34:01+00:00,,,,,,,,,,,,,,,,,,,,,,,,,,,,,,,,,,
2026-09-23,LICHSGFIN,572.5,573.6650285183642,580.5579428447007,566.0588314264609,572.7851753284741,1,84.1603726426265,2026-09-24,2026-09-23T13:14:13+00:00,0.0008246039824288,71.74496644295303,12.415406199673477,37.65878444109276,ranking_top10,1.0,,,,,,,,,,,,,,,,,,,,,,,,,,,,
2026-09-23,MCX,3374.0,3384.294075391176,3426.312757510824,3329.044904525561,3375.55689439367,2,83.73443042486724,2026-09-24,2026-09-23T13:14:13+00:00,0.0010871929192289,69.49664429530202,14.237786129565215,29.79654683652624,ranking_top10,1.0,,,,,,,,,,,,,,,,,,,,,,,,,,,,
2026-09-23,AUROPHARMA,1721.5,1724.359050192132,1740.151573211462,1705.0273605146729,1722.3282507573626,3,83.61989847002384,2026-09-24,2026-09-23T13:14:13+00:00,0.0007544085240072,73.2214765100671,10.398421959956735,38.940497145897375,ranking_top10,1.0,,,,,,,,,,,,,,,,,,,,,,,,,,,,
2026-09-23,JSWINFRA,363.6000061035156,364.08736490857217,368.9826061340964,358.8004942738613,363.5231737674365,4,82.02274771283648,2026-09-24,2026-09-23T13:14:13+00:00,0.000639394078232,73.5234899328859,8.499257779950584,24.83942939115277,ranking_top10,1.0,,,,,,,,,,,,,,,,,,,,,,,,,,,,
2026-09-23,MOTILALOFS,1042.5,1045.8254449419085,1058.8786438830762,1028.421113200315,1042.8943658701255,5,80.58613247822338,2026-09-24,2026-09-23T13:14:13+00:00,0.0010840483455418,69.76510067114094,10.82103180708243,25.868771519630137,ranking_top10,1.0,,,,,,,,,,,,,,,,,,,,,,,,,,,,
2026-09-23,LAURUSLABS,2034.0,2037.5542973163424,2057.659945774577,2012.7624078825509,2034.878644898307,6,80.0756934396359,2026-09-24,2026-09-23T13:14:13+00:00,0.0007905351407199,70.1006711409396,9.97502229869631,35.33528671419143,ranking_top10,1.0,,,,,,,,,,,,,,,,,,,,,,,,,,,,
2026-09-23,IDFCFIRSTB,87.9000015258789,88.28125598627406,89.19568080496008,87.00185988377498,87.94909360411924,7,80.0610732168551,2026-09-24,2026-09-23T13:14:13+00:00,0.0009932331906506,69.36241610738256,10.698657109472542,35.99197817071188,ranking_top10,1.0,,,,,,,,,,,,,,,,,,,,,,,,,,,,
2026-09-23,NTPCGREEN,95.41999816894533,95.75110677697305,96.62773923191644,94.58234444072824,95.4548413254514,8,78.5573186838611,2026-09-24,2026-09-23T13:14:13+00:00,0.000850157555041,67.08053691275168,11.476781771109415,30.04622063844593,ranking_top10,1.0,,,,,,,,,,,,,,,,,,,,,,,,,,,,
2026-09-23,PATANJALI,409.4500122070313,410.0686236576372,414.9383678066509,403.7435312546114,409.1646677722601,9,78.5477335083645,2026-09-24,2026-09-23T13:14:13+00:00,0.0013164339325633,65.90604026845638,12.641693239908124,34.614126682616444,ranking_top10,1.0,,,,,,,,,,,,,,,,,,,,,,,,,,,,
2026-09-23,APARINDS,17876.0,17931.383349390864,18225.075244571264,17569.671841177784,17873.93932236538,10,78.13310961531258,2026-09-24,2026-09-23T13:14:13+00:00,0.0011376632555921,68.75838926174497,9.374720353567616,9.200461672877235,ranking_top10,1.0,,,,,,,,,,,,,,,,,,,,,,,,,,,,
2026-09-24,MCX,3427.699951171875,3438.0231191234534,3481.870415749949,3382.011957678464,3429.05550931582,1,90.30082547892351,2026-09-25,2026-09-24T15:49:25+00:00,0.000990752001111,76.06666666666666,14.234158812256853,28.52870439019622,ranking_top10,1.0,,,,,,,,,,,,,,,,,,,,,,,,,,,,
2026-09-24,PATANJALI,404.8500061035156,405.06620001547566,410.0564756263014,400.15523707519066,404.492332471419,2,86.08149176007043,2026-09-25,2026-09-24T15:49:25+00:00,0.0010713983940652,73.46666666666667,12.614825093403768,45.19337884322647,ranking_top10,1.0,,,,,,,,,,,,,,,,,,,,,,,,,,,,
2026-09-24,JSWINFRA,360.7000122070313,361.3924164198722,366.6246591809932,355.62030243455024,360.5857255060053,3,84.9126646072483,2026-09-25,2026-09-24T15:49:25+00:00,0.0008147864244541,76.46666666666667,8.445997940581634,27.999081834302228,ranking_top10,1.0,,,,,,,,,,,,,,,,,,,,,,,,,,,,
2026-09-24,AUROPHARMA,1716.0,1717.4254181148697,1734.1179857125337,1700.5321372222202,1716.4938992750292,4,80.86929427170189,2026-09-25,2026-09-24T15:49:25+00:00,0.0007628519317733,70.53333333333333,10.33596093836856,27.39390449966413,ranking_top10,1.0,,,,,,,,,,,,,,,,,,,,,,,,,,,,
2026-09-24,IPCALAB,1997.0999755859373,2001.553570750977,2020.010234105148,1977.438595814022,1997.909137077186,5,80.015979740732,2026-09-25,2026-09-24T15:49:25+00:00,0.0008933853344969,68.36666666666667,11.649313074065326,31.201503817039463,ranking_top10,1.0,,,,,,,,,,,,,,,,,,,,,,,,,,,,
2026-09-24,LAURUSLABS,2026.199951171875,2027.9406544845947,2049.1683821154984,2006.6092921937304,2026.2056105864408,6,79.29669999351312,2026-09-25,2026-09-24T15:49:25+00:00,0.0008242417758038,69.33333333333333,9.96336666017979,0.3377266829125004,ranking_top10,1.0,,,,,,,,,,,,,,,,,,,,,,,,,,,,
2026-09-24,NTPCGREEN,95.43000030517578,95.56574504527818,96.69889005194156,94.43753352678684,95.37741923714948,7,78.99470515048336,2026-09-25,2026-09-24T15:49:25+00:00,0.0008083618195263,67.56666666666666,11.428038483816694,40.533331133538354,ranking_top10,1.0,,,,,,,,,,,,,,,,,,,,,,,,,,,,
2026-09-24,LICHSGFIN,564.25,564.6638804215763,571.079478952159,558.4651527641132,564.2550570296627,8,78.35619847005675,2026-09-25,2026-09-24T15:49:25+00:00,0.0008313120752569,66.0,12.356198470056754,1.0666029146734457,ranking_top10,1.0,,,,,,,,,,,,,,,,,,,,,,,,,,,,
2026-09-24,MEDANTA,1506.199951171875,1508.3553496770962,1527.1148884011875,1488.3605877573175,1506.696517013306,9,77.2010902378105,2026-09-25,2026-09-24T15:49:25+00:00,0.0009352226189622,69.66666666666666,7.534423571143845,26.063737953133845,ranking_top10,1.0,,,,,,,,,,,,,,,,,,,,,,,,,,,,
2026-09-24,LGEINDIA,1697.699951171875,1699.610306455063,1717.0689527595162,1678.7530328612554,1697.8230855981922,10,76.53632683021371,2026-09-25,2026-09-24T15:49:25+00:00,0.0008647743041874,68.83333333333333,7.702993496880389,7.738163040405797,ranking_top10,1.0,,,,,,,,,,,,,,,,,,,,,,,,,,,,
2026-09-25,PHOENIXLTD,1978.4000244140625,1981.7039251839085,2006.926084577197,1952.3112984838808,1978.8806470445409,1,84.54326692071467,2026-09-28,2026-09-25T15:49:14+00:00,0.000951054951987,75.6,8.943266920714674,20.34648682498624,ranking_top10,1.0,,,,,,,,,,,,,,,,,,,,,,,,,,,,
2026-09-25,OBEROIRLTY,1858.5,1861.8806208540675,1881.563555140736,1837.65545436996,1859.125066585915,2,84.365131889957,2026-09-28,2026-09-25T15:49:14+00:00,0.0008778402933736,70.36666666666666,13.998465223290342,27.700310578534328,ranking_top10,1.0,,,,,,,,,,,,,,,,,,,,,,,,,,,,
2026-09-25,PATANJALI,403.9500122070313,404.0990232676307,409.10048274780326,399.1291336165213,403.6107043354075,3,83.64131448712206,2026-09-28,2026-09-25T15:49:14+00:00,0.0011782322960038,71.33333333333334,12.30798115378872,41.61985461193989,ranking_top10,1.0,,,,,,,,,,,,,,,,,,,,,,,,,,,,
2026-09-25,MCX,3324.89990234375,3330.4682464296816,3379.7061658842727,3273.790357492434,3325.494389471202,4,83.42721738149874,2026-09-28,2026-09-25T15:49:14+00:00,0.0007568615522116,69.23333333333332,14.193884048165415,19.10934452749997,ranking_top10,1.0,,,,,,,,,,,,,,,,,,,,,,,,,,,,
2026-09-25,JSWINFRA,362.0499877929688,362.6830092393922,367.1759602124473,357.95044046533496,362.130114185993,5,82.97103446850585,2026-09-28,2026-09-25T15:49:14+00:00,0.0008650018643118,74.86666666666667,8.10436780183917,20.37282745746805,ranking_top10,1.0,,,,,,,,,,,,,,,,,,,,,,,,,,,,
2026-09-25,MAHABANK,84.87999725341797,85.10142436535403,86.03970318784323,83.91946175844768,84.92964604586386,6,82.9467977058392,2026-09-28,2026-09-25T15:49:14+00:00,0.0010865692060999,67.16666666666667,15.780131039172534,34.99430362019078,ranking_top10,1.0,,,,,,,,,,,,,,,,,,,,,,,,,,,,
2026-09-25,LGEINDIA,1725.4000244140625,1730.0934150560045,1746.3276963228973,1706.5430466104506,1725.814535723105,7,81.73116327739916,2026-09-28,2026-09-25T15:49:14+00:00,0.0008573435344826,74.1,7.631163277399162,21.88813324569631,ranking_top10,1.0,,,,,,,,,,,,,,,,,,,,,,,,,,,,
2026-09-25,LICHSGFIN,566.0,566.5736166869457,572.8106647164202,560.0742905915034,566.1372640331962,8,80.92800298133494,2026-09-28,2026-09-25T15:49:14+00:00,0.0009144707390643,68.6,12.328002981334947,20.96099807952681,ranking_top10,1.0,,,,,,,,,,,,,,,,,,,,,,,,,,,,
2026-09-25,LAURUSLABS,2007.0,2008.6121608346675,2032.5344429227143,1983.9726904099173,2007.814736192364,9,79.83718964044925,2026-09-28,2026-09-25T15:49:14+00:00,0.0007504743490038,69.89999999999999,9.937189640449256,35.10374332963669,ranking_top10,1.0,,,,,,,,,,,,,,,,,,,,,,,,,,,,
2026-09-25,JSL,748.25,749.8850401252006,758.7860767092211,740.0391244238799,748.700963397819,10,79.0844985809919,2026-09-28,2026-09-25T15:49:14+00:00,0.0010534020713958,71.96666666666667,7.117831914325242,36.39233137956303,ranking_top10,1.0,,,,,,,,,,,,,,,,,,,,,,,,,,,,
2026-09-28,LGEINDIA,1730.699951171875,1732.7571123630823,1749.4696149254066,1713.6363016471182,1731.1695251305637,1,83.3644966107325,2026-09-29,2026-09-28T17:26:19+00:00,0.0007060321375978,75.73333333333333,7.631163277399162,27.76074011924282,ranking_top10,1.0,,,,,,,,,,,,,,,,,,,,,,,,,,,,
2026-09-28,LICHSGFIN,564.1500244140625,564.7705442717261,571.0327087140755,558.1992060905037,564.3207669247574,2,81.9946696480016,2026-09-29,2026-09-28T17:26:19+00:00,0.0007788847311489,69.66666666666666,12.328002981334947,27.983678199047045,ranking_top10,1.0,,,,,,,,,,,,,,,,,,,,,,,,,,,,
2026-09-28,PATANJALI,390.7999877929688,391.0611790633818,397.191308681843,384.845956600003,391.00565848952647,3,81.64131448712205,2026-09-29,2026-09-28T17:26:19+00:00,0.000839369622108,69.33333333333333,12.30798115378872,38.53702624729576,ranking_top10,1.0,,,,,,,,,,,,,,,,,,,,,,,,,,,,
2026-09-28,CRISIL,4650.60009765625,4659.917090202081,4722.542223121728,4585.575348472537,4650.0461281518565,4,81.32743338957508,2026-09-29,2026-09-28T17:26:19+00:00,0.000997304011952,68.36666666666666,12.960766722908415,10.669609563817628,ranking_top10,1.0,,,,,,,,,,,,,,,,,,,,,,,,,,,,
2026-09-28,PETRONET,289.8500061035156,290.4339822310332,293.093418683575,287.2158321500411,289.86030562744,5,79.48310367341828,2026-09-29,2026-09-28T17:26:19+00:00,0.0008631590420145,67.93333333333334,11.549770340084942,3.9539617888469873,ranking_top10,1.0,,,,,,,,,,,,,,,,,,,,,,,,,,,,
2026-09-28,OBEROIRLTY,1830.0,1831.5827798854043,1850.695231921097,1810.1770890697808,1829.457639189357,6,79.265131889957,2026-09-29,2026-09-28T17:26:19+00:00,0.0008658469769517,65.26666666666667,13.998465223290342,25.50053187000124,ranking_top10,1.0,,,,,,,,,,,,,,,,,,,,,,,,,,,,
2026-09-28,JSL,745.7000122070312,746.9452455225495,756.1173134222165,737.3612069695115,746.1041276783122,7,78.7844985809919,2026-09-29,2026-09-28T17:26:19+00:00,0.0009163129861152,71.66666666666666,7.117831914325242,37.163116300018544,ranking_top10,1.0,,,,,,,,,,,,,,,,,,,,,,,,,,,,
2026-09-28,LAURUSLABS,2010.699951171875,2012.6688637565824,2031.018708348505,1992.446880693536,2011.0186370656745,8,78.5705229737826,2026-09-29,2026-09-28T17:26:19+00:00,0.0008829840032648,68.63333333333334,9.937189640449256,15.218261878306514,ranking_top10,1.0,,,,,,,,,,,,,,,,,,,,,,,,,,,,
2026-09-28,IREDA,114.81999969482422,115.21662053058942,116.60005800437402,113.36731940775114,114.81717451758716,9,77.9444324796136,2026-09-29,2026-09-28T17:26:19+00:00,0.001047225936227,64.13333333333334,13.81109914628025,2.2956293001500154,ranking_top10,1.0,,,,,,,,,,,,,,,,,,,,,,,,,,,,
2026-09-28,PHOENIXLTD,1952.199951171875,1953.5351660433728,1973.2723492755028,1931.1826541465416,1951.4441784320384,10,77.10993358738133,2026-09-29,2026-09-28T17:26:19+00:00,0.000864510477198,68.16666666666666,8.943266920714674,30.93030501692506,ranking_top10,1.0,,,,,,,,,,,,,,,,,,,,,,,,,,,,
2026-09-29,GESHIP,1545.0,1547.772113600655,1566.416161030547,1525.2278168394585,1544.58449002313,1,92.02216264338752,2026-09-30,2026-09-29T09:57:35+00:00,0.0009583498916725,78.25,13.772162643387537,21.913227484212168,ranking_top10,1.0,,,,,,,,,,,,,,,,,,,,,,,,,,,,
2026-09-29,SUNTV,554.9500122070312,557.9196868473232,570.5559664010359,543.4288404839442,554.8208905035914,2,90.15361630024114,2026-09-30,2026-09-29T09:57:35+00:00,0.0019784775603823,79.1,11.05361630024115,10.52269857766169,ranking_top10,1.0,,,,,,,,,,,,,,,,,,,,,,,,,,,,
2026-09-29,CASTROLIND,198.3600006103516,198.6086754779548,200.46387416909351,196.5772770118539,198.36989781619616,3,88.38169605672446,2026-09-30,2026-09-29T09:57:35+00:00,0.0006715115331838,73.63,14.751696056724471,6.916371760537079,ranking_top10,1.0,,,,,,,,,,,,,,,,,,,,,,,,,,,,
2026-09-29,MANKIND,2549.89990234375,2557.687890658942,2589.8077800333263,2517.9557980502977,2549.8236639324946,4,85.03239335913105,2026-09-30,2026-09-29T09:57:35+00:00,0.0015276629849683,77.58999999999999,7.442393359131064,1.919576747480738,ranking_top10,1.0,,,,,,,,,,,,,,,,,,,,,,,,,,,,
2026-09-29,ACUTAAS,3300.300048828125,3310.4793156433534,3358.7616233936246,3253.5187068394303,3301.685855396959,5,84.52039153267016,2026-09-30,2026-09-29T09:57:35+00:00,0.0014629079805479,74.66,9.860391532670167,22.30192854322105,ranking_top10,1.0,,,,,,,,,,,,,,,,,,,,,,,,,,,,
2026-09-29,ICICIAMC,3220.800048828125,3225.779170593078,3262.2988492977943,3185.681835825441,3220.880794174495,6,84.15453101614553,2026-09-30,2026-09-29T09:57:35+00:00,0.0008838709936652,75.05,9.104531016145524,2.758151156757716,ranking_top10,1.0,,,,,,,,,,,,,,,,,,,,,,,,,,,,
2026-09-29,KIRLOSENG,2420.800048828125,2429.5706577301235,2502.8824939453866,2362.531783772487,2421.496563108052,7,83.6485098214147,2026-09-30,2026-09-29T09:57:35+00:00,0.0020359095289653,78.66,4.988509821414715,12.382378862123703,ranking_top10,1.0,,,,,,,,,,,,,,,,,,,,,,,,,,,,
2026-09-29,WELCORP,2810.0,2823.366621912994,2882.9634545427416,2754.445233576653,2811.1059978484354,8,82.85170363243623,2026-09-30,2026-09-29T09:57:35+00:00,0.0012923940280651,74.13,8.721703632436235,23.34498472809935,ranking_top10,1.0,,,,,,,,,,,,,,,,,,,,,,,,,,,,
2026-09-29,SONACOMS,825.0499877929688,827.490831645442,836.9141498907888,814.9208237493785,825.2844886548148,9,82.30158171001166,2026-09-30,2026-09-29T09:57:35+00:00,0.0011501346302751,72.88,9.421581710011663,19.815532598865456,ranking_top10,1.0,,,,,,,,,,,,,,,,,,,,,,,,,,,,
2026-09-29,ZYDUSLIFE,1214.0999755859375,1215.3531834767946,1226.9569100872518,1202.307323174635,1214.046559497713,10,81.94681266219776,2026-09-30,2026-09-29T09:57:35+00:00,0.0006762548007134,74.36,7.586812662197758,6.108486372868485,ranking_top10,1.0,,,,,,,,,,,,,,,,,,,,,,,,,,,,
2026-09-30,SUNTV,605.0,605.3864286447471,626.9197547042169,582.7597148383642,598.0306526273417,1,90.87486214144296,2026-10-01,2026-09-30T16:15:39+00:00,0.0016333159959542,79.86921529175049,11.00564684969247,87.58208310788415,ranking_top10,1.0,,,,,,,,,,,,,,,,,,,,,,,,,,,,
2026-09-30,CUPID,311.6499938964844,313.54000248061647,322.312768746176,305.3766078440094,312.115865269182,2,87.72690752310683,2026-10-01,2026-09-30T16:15:39+00:00,0.0022818477105302,78.04828973843058,9.678617784676248,39.58094580614829,ranking_top10,1.0,,,,,,,,,,,,,,,,,,,,,,,,,,,,
2026-09-30,GESHIP,1560.0,1562.9824108577538,1579.7122936562278,1541.6301300759214,1559.7941119521347,3,87.15207904364401,2026-10-01,2026-09-30T16:15:39+00:00,0.0008991512715749,73.41046277665995,13.74161626698405,12.79949345071829,ranking_top10,1.0,,,,,,,,,,,,,,,,,,,,,,,,,,,,
2026-09-30,MTARTECH,7797.0,8032.0239009973375,8134.02201117873,7876.691308184942,8012.738609582629,4,85.18917726317665,2026-10-01,2026-09-30T16:15:39+00:00,0.005107647803097,76.5291750503018,8.660002212874842,84.41701680293069,ranking_top10,1.0,,,,,,,,,,,,,,,,,,,,,,,,,,,,
2026-09-30,CASTROLIND,200.5200042724609,200.70412085946444,202.40386387914404,198.9215997564964,200.52244494251968,5,85.1676695755797,2026-10-01,2026-09-30T16:15:39+00:00,0.0007942715163547,70.44265593561369,14.725013639966004,1.5093069546747937,ranking_top10,1.0,,,,,,,,,,,,,,,,,,,,,,,,,,,,
2026-09-30,AZAD,2963.199951171875,2971.5789535162667,3035.331616466726,2898.340113537105,2961.9903328311084,6,85.03821023938755,2026-10-01,2026-09-30T16:15:39+00:00,0.0016703049274624,77.25352112676057,7.784689112626973,19.63963977761913,ranking_top10,1.0,,,,,,,,,,,,,,,,,,,,,,,,,,,,
2026-09-30,AJANTPHARM,3620.800048828125,3632.2023032608704,3676.759036774549,3578.329042776288,3622.906915985405,7,84.98171473019669,2026-10-01,2026-09-30T16:15:39+00:00,0.0011035880977909,75.36217303822937,9.619541691967312,34.523304352074355,ranking_top10,1.0,,,,,,,,,,,,,,,,,,,,,,,,,,,,
2026-09-30,SYRMA,1782.9000244140625,1791.062136092507,1826.3123520665504,1750.8562201786272,1784.712748871631,8,84.5476155521485,2026-10-01,2026-09-30T16:15:39+00:00,0.0017711682448887,76.08651911468813,8.46109643746037,36.469363984459086,ranking_top10,1.0,,,,,,,,,,,,,,,,,,,,,,,,,,,,
2026-09-30,TEGA,2106.699951171875,2114.631193943667,2154.8924757653817,2067.1492895127712,2106.0678323849925,9,84.28997788391318,2026-10-01,2026-09-30T16:15:39+00:00,0.0017079268167842,77.18309859154928,7.106879292363903,14.942971307670735,ranking_top10,1.0,,,,,,,,,,,,,,,,,,,,,,,,,,,,
2026-09-30,MANKIND,2503.800048828125,2507.5181521294094,2538.4833583068853,2473.22468661158,2502.944355783037,10,83.27057393953774,2026-10-01,2026-09-30T16:15:39+00:00,0.0010547449416873,75.80482897384306,7.465744965694681,24.472401247523745,ranking_top10,1.0,,,,,,,,,,,,,,,,,,,,,,,,,,,,
2026-10-01,SUNTV,599.9000244140625,601.1573932895243,614.0056862800419,584.9371141056711,597.609104471262,1,89.72798085371662,2026-10-05,2026-10-01T16:53:35+00:00,0.0015337638950232,78.72233400402415,11.00564684969247,71.34544218705383,ranking_top10,1.0,,,,,,,,,,,,,,,,,,,,,,,,,,,,
2026-10-01,WELSPUNLIV,239.1699981689453,240.6520381820781,245.65999703703568,235.0314137681124,239.33889000313047,2,86.87691999218407,2026-10-05,2026-10-01T16:53:35+00:00,0.0014769826213279,79.476861167002,7.400058825182079,32.34597297105363,ranking_top10,1.0,,,,,,,,,,,,,,,,,,,,,,,,,,,,
2026-10-01,MTARTECH,7797.0,7822.470037880886,7985.290233134538,7646.676810937392,7794.791968103197,3,86.70829195130543,2026-10-05,2026-10-01T16:53:35+00:00,0.0013270853695533,78.04828973843058,8.660002212874842,17.586429563294676,ranking_top10,1.0,,,,,,,,,,,,,,,,,,,,,,,,,,,,
2026-10-01,STLTECH,955.3499755859376,963.9786434115048,990.89275191191,935.4494562913764,964.6940233903772,4,86.5213402289862,2026-10-05,2026-10-01T16:53:35+00:00,0.0007774555018079,78.78269617706238,7.738644051923822,92.63648690911285,ranking_top10,1.0,,,,,,,,,,,,,,,,,,,,,,,,,,,,
2026-10-01,ENGINERSIN,312.75,313.8168371469128,319.2456313341418,307.5939922230382,312.5983161597579,5,85.3383385561571,2026-10-05,2026-10-01T16:53:35+00:00,0.0012679295479333,75.32193158953723,10.01640696661987,27.66798068304344,ranking_top10,1.0,,,,,,,,,,,,,,,,,,,,,,,,,,,,
2026-10-01,TDPOWERSYS,792.1500244140625,795.075332707802,809.3884473784213,778.4726734760328,792.1498423140447,6,85.2931198002679,2026-10-05,2026-10-01T16:53:35+00:00,0.0017279118926678,76.05633802816902,9.236781772098883,0.0133021910200397,ranking_top10,1.0,,,,,,,,,,,,,,,,,,,,,,,,,,,,
2026-10-01,HFCL,238.3600006103516,240.12904832776653,245.61589938242068,234.6096020479226,240.9484218040195,7,84.98740114871015,2026-10-05,2026-10-01T16:53:35+00:00,0.0024212154918509,77.43460764587525,7.552793502834897,81.76865433226656,ranking_top10,1.0,,,,,,,,,,,,,,,,,,,,,,,,,,,,
2026-10-01,CASTROLIND,199.0399932861328,199.19026345778,201.14169458771923,197.1977111983953,199.00217810421788,8,84.29241806652537,2026-10-05,2026-10-01T16:53:35+00:00,0.000769452835399,69.56740442655936,14.725013639966004,19.80193867550422,ranking_top10,1.0,,,,,,,,,,,,,,,,,,,,,,,,,,,,
2026-10-01,GESHIP,1530.5999755859375,1531.7122764026144,1549.58038634936,1513.2429549290714,1529.9261708735178,9,83.94282351044481,2026-10-05,2026-10-01T16:53:35+00:00,0.0008529187791649,70.20120724346076,13.74161626698405,34.04288286607239,ranking_top10,1.0,,,,,,,,,,,,,,,,,,,,,,,,,,,,
2026-10-01,CUPID,312.5,313.50335555033456,318.8126583374611,307.81646419387386,312.63647198413383,10,83.61221939433419,2026-10-05,2026-10-01T16:53:35+00:00,0.0015775930833167,73.93360160965794,9.678617784676248,21.68046492759278,ranking_top10,1.0,,,,,,,,,,,,,,,,,,,,,,,,,,,,
2026-10-05,SUNTV,626.8499755859375,629.2608385166334,644.4827861549937,610.6098185804873,625.6659372938741,1,89.3122406984996,2026-10-06,2026-10-05T11:22:49+00:00,0.0020950558960382,78.30985915492957,11.00238154357002,47.41228123181944,ranking_recent_error_adjusted,1.0,0.0442347117558631,0.7457126947390934,1.7457126947390935,,,,,,,,,,,,,,,,,,,,,,,,,
2026-10-05,GESHIP,1559.300048828125,1562.8933082895571,1580.590718468841,1540.744620386124,1559.088062570576,2,87.63197556563308,2026-10-06,2026-10-05T11:22:49+00:00,0.0010111841810619,73.90342052313883,13.728555042494254,11.851243913146853,ranking_recent_error_adjusted,1.0,0.0159310845753807,0.0,2.0,,,,,,,,,,,,,,,,,,,,,,,,,
2026-10-05,STLTECH,1001.25,1007.75631887167,1033.9099237089183,978.882657968077,1003.158315567218,3,86.61888262622679,2026-10-06,2026-10-05T11:22:49+00:00,0.0017966598888996,78.88329979879276,7.735582827434028,51.47563154671414,ranking_recent_error_adjusted,1.0,0.0365103386862649,0.4845277022186552,3.484527702218655,,,,,,,,,,,,,,,,,,,,,,,,,
2026-10-05,TDPOWERSYS,812.9000244140625,816.7451542469508,833.8566707796778,796.9777649441575,812.5895049429455,4,86.5305443475516,2026-10-06,2026-10-05T11:22:49+00:00,0.0021878487830815,77.29376257545272,9.236781772098883,14.864348044269905,ranking_recent_error_adjusted,1.0,0.0255261181902098,0.1131171654339246,4.113117165433924,,,,,,,,,,,,,,,,,,,,,,,,,
2026-10-05,REDINGTON,412.75,414.5477369154905,420.67314362477816,407.1826577055666,413.2960639103188,5,86.31063094164719,2026-10-06,2026-10-05T11:22:49+00:00,0.0014900239885221,76.62977867203219,9.680852269615007,47.0310397709403,ranking_recent_error_adjusted,1.0,,0.0,5.0,,,,,,,,,,,,,,,,,,,,,,,,,
2026-10-05,LGEINDIA,1770.9000244140625,1777.0873920284623,1801.887757700685,1745.5033693491926,1770.660609668947,6,85.05722562428534,2026-10-06,2026-10-05T11:22:49+00:00,0.0012622948527738,78.06841046277665,6.988815161508684,9.674055016143107,ranking_recent_error_adjusted,1.0,0.0121710147474047,0.0,6.0,,,,,,,,,,,,,,,,,,,,,,,,,
2026-10-05,CYIENT,1140.199951171875,1146.052657154808,1166.138768837941,1120.8985609582676,1140.248221282891,7,84.98428715505601,2026-10-06,2026-10-05T11:22:49+00:00,0.0017905541758868,76.89134808853119,8.092939066524822,2.309729524616212,ranking_recent_error_adjusted,1.0,,0.0,7.0,,,,,,,,,,,,,,,,,,,,,,,,,
2026-10-05,HFCL,250.2700042724609,252.0183285371648,257.5045709889569,245.8230530577712,251.9159799620053,8,84.06321801494674,2026-10-06,2026-10-05T11:22:49+00:00,0.0010453123343374,76.5291750503018,7.534042964644938,86.28579153205959,ranking_recent_error_adjusted,1.0,0.0372461034455145,0.5094061889786692,8.50940618897867,,,,,,,,,,,,,,,,,,,,,,,,,
2026-10-05,CPPLUS,3989.5,4015.3783917548826,4131.017388234003,3934.502457016148,4018.468577838688,9,82.57940334798663,2026-10-06,2026-10-05T11:22:49+00:00,0.0025396461073086,73.60160965794768,8.97779369003895,74.08749456961671,ranking_recent_error_adjusted,1.0,,0.0,9.0,,,,,,,,,,,,,,,,,,,,,,,,,
2026-10-05,WELSPUNLIV,230.2700042724609,230.891260199856,235.4836975535348,225.9750101058187,230.25465511949145,10,82.5602613051894,2026-10-06,2026-10-05T11:22:49+00:00,0.0008828345588429,75.18108651911469,7.379174786074711,7.0203028423688885,ranking_recent_error_adjusted,1.0,0.0393837041838024,0.5816850946983859,10.581685094698386,,,,,,,,,,,,,,,,,,,,,,,,,
2026-10-06,RRKABEL,2789.699951171875,2797.974747797391,2850.148443555395,2739.7988477038875,2793.713744442618,1,88.14211532489573,2026-10-07,2026-10-06T13:47:37+00:00,0.0012787790671906,79.22535211267606,8.916763212219665,52.94401402595101,ranking_top10,1.0,,,,,CORE,1.0,52.94401402595101,,,,,,,,,,,,,,,,,,,,,
2026-10-06,STLTECH,1016.7000122070312,1020.6528235310888,1038.657379151535,995.879271759374,1015.669568740839,2,86.361147790449,2026-10-07,2026-10-06T13:47:37+00:00,0.0016339467864997,78.6317907444668,7.729357045982205,38.282579810390814,ranking_top10,1.0,,,,,CORE,1.0,38.282579810390814,,,,,,,,,,,,,,,,,,,,,
2026-10-06,CUPID,324.20001220703125,325.92588387760287,332.8991582398879,318.14530666370734,324.6596250758805,3,85.28223951505855,2026-10-07,2026-10-06T13:47:37+00:00,0.0015474208412766,75.6036217303823,9.678617784676248,47.812255921625045,ranking_top10,1.0,,,,,CORE,1.0,47.812255921625045,,,,,,,,,,,,,,,,,,,,,
2026-10-06,BHEL,452.0,454.159773665751,461.2263688728368,445.6967830986048,452.34664661783256,4,85.04895739163999,2026-10-07,2026-10-06T13:47:37+00:00,0.0014647150475065,77.67605633802816,7.372901053611828,34.36575465893644,ranking_top10,1.0,,,,,CORE,1.0,34.36575465893644,,,,,,,,,,,,,,,,,,,,,
2026-10-06,AETHER,1799.800048828125,1806.7000371394288,1846.3060902879577,1767.1298700555385,1801.820846264464,5,85.01002720387069,2026-10-07,2026-10-06T13:47:37+00:00,0.0021141242857051,76.579476861167,8.430550342703695,34.687046951141085,ranking_top10,1.0,,,,,CORE,1.0,34.687046951141085,,,,,,,,,,,,,,,,,,,,,
2026-10-06,MOTILALOFS,1081.1500244140625,1086.0002978126995,1102.9132097904762,1065.8215265089057,1081.8392331438365,6,84.35184870666772,2026-10-07,2026-10-06T13:47:37+00:00,0.0016846841707627,75.7344064386318,8.617442268035933,27.451897559339205,ranking_top10,1.0,,,,,CORE,1.0,27.451897559339205,,,,,,,,,,,,,,,,,,,,,
2026-10-06,KOTAKBANK,431.8999938964844,433.60000767714,438.09120115137887,426.9160008787374,431.7838978464725,7,84.28518744681739,2026-10-07,2026-10-06T13:47:37+00:00,0.0011880193390388,74.9496981891348,9.335489257682584,18.451327981466854,ranking_top10,1.0,,,,,CORE,1.0,18.451327981466854,,,,,,,,,,,,,,,,,,,,,
2026-10-06,AZAD,3062.60009765625,3074.964339047123,3133.743334802204,3009.984757301788,3063.0242467998205,8,83.62036919674833,2026-10-07,2026-10-06T13:47:37+00:00,0.0018858611856888,75.8450704225352,7.775298774213128,6.841349375066553,ranking_top10,1.0,,,,,CORE,1.0,6.841349375066553,,,,,,,,,,,,,,,,,,,,,
2026-10-06,MEESHO,238.22000122070312,239.7403754327505,244.9911993491504,233.9394842539073,238.8363518239772,9,83.59393134393883,2026-10-07,2026-10-06T13:47:37+00:00,0.001187025127501,76.53923541247485,7.054695931463987,68.55014302261128,ranking_top10,1.0,,,,,CORE,1.0,68.55014302261128,,,,,,,,,,,,,,,,,,,,,
2026-10-06,CPPLUS,3976.0,3986.670612154328,4058.091706047424,3911.162166716112,3975.729037449507,10,83.22246927063867,2026-10-07,2026-10-06T13:47:37+00:00,0.0013100228473097,74.14486921529175,9.077600055346922,4.944920948592312,ranking_top10,1.0,,,,,CORE,1.0,4.944920948592312,,,,,,,,,,,,,,,,,,,,,
2026-10-07,CUPID,343.95001220703125,345.99642942721675,353.8997348017528,337.04188052955567,344.49692012238324,1,88.19974454523964,2026-10-08,2026-10-07T13:16:10+00:00,0.0018424851394889,78.52112676056339,9.678617784676248,20.0,ranking_top10,1.0,,,,,CORE,1.0,20.0,uncertainty_rank_v2,,,,,,,,,,,,,,,,,,,,
2026-10-07,RRKABEL,2722.5,2726.319516130357,2767.086367743002,2681.634577842688,2721.0858972384267,2,86.55257810155568,2026-10-08,2026-10-07T13:16:10+00:00,0.0008751583146581,77.63581488933602,8.916763212219665,80.0,ranking_top10,1.0,,,,,CORE,1.0,80.0,uncertainty_rank_v2,,,,,,,,,,,,,,,,,,,,
2026-10-07,GLAND,3150.60009765625,3161.89095836512,3207.3590843591,3110.2922567641285,3153.248962203857,3,86.03756720006407,2026-10-08,2026-10-07T13:16:10+00:00,0.001513949928568,76.32796780684106,9.709599393223025,50.0,ranking_top10,1.0,,,,,CORE,1.0,50.0,uncertainty_rank_v2,,,,,,,,,,,,,,,,,,,,
2026-10-07,HFCL,271.8999938964844,273.35655091056674,278.3937597195749,266.7214022273801,272.0967408890385,4,85.9529304404143,2026-10-08,2026-10-07T13:16:10+00:00,0.001587689810656,78.53118712273641,7.421743317677899,35.0,ranking_top10,1.0,,,,,CORE,1.0,35.0,uncertainty_rank_v2,,,,,,,,,,,,,,,,,,,,
2026-10-07,AEGISLOG,1460.199951171875,1466.9274956049592,1495.5819843336465,1435.054274196753,1462.2708121949072,5,85.8859787232293,2026-10-08,2026-10-07T13:16:10+00:00,0.0016768362167525,76.04627766599597,9.839701057233324,30.000000000000004,ranking_top10,1.0,,,,,CORE,1.0,30.000000000000004,uncertainty_rank_v2,,,,,,,,,,,,,,,,,,,,
2026-10-07,PTCIL,24685.0,24741.643934849777,25173.152800009306,24302.09488008269,24695.038171777785,6,85.6588846969836,2026-10-08,2026-10-07T13:16:10+00:00,0.0022037638887387,76.31790744466801,9.340977252315591,5.000000000000004,ranking_top10,1.0,,,,,CORE,1.0,5.000000000000004,uncertainty_rank_v2,,,,,,,,,,,,,,,,,,,,
2026-10-07,KOTAKBANK,440.0,441.6161575068896,445.8272128634962,435.0502096628155,439.9344478863317,7,85.62321561583147,2026-10-08,2026-10-07T13:16:10+00:00,0.0009968535343577,76.28772635814889,9.335489257682584,75.0,ranking_top10,1.0,,,,,CORE,1.0,75.0,uncertainty_rank_v2,,,,,,,,,,,,,,,,,,,,
2026-10-07,BBOX,884.8499755859375,889.6989582473578,911.4624459706282,868.1299087590662,885.9885510724818,8,84.886767218931,2026-10-08,2026-10-07T13:16:10+00:00,0.0018658971119772,79.01408450704224,5.872682711888764,15.000000000000002,ranking_top10,1.0,,,,,CORE,1.0,15.000000000000002,uncertainty_rank_v2,,,,,,,,,,,,,,,,,,,,
2026-10-07,PWL,139.57000732421875,140.3406356515016,143.4017062767016,136.9809608886325,139.69908539988765,9,83.98649272799263,2026-10-08,2026-10-07T13:16:10+00:00,0.0015263158924558,78.0784708249497,5.908021903042919,44.99999999999999,ranking_top10,1.0,,,,,CORE,1.0,44.99999999999999,uncertainty_rank_v2,,,,,,,,,,,,,,,,,,,,
2026-10-07,PVRINOX,1343.800048828125,1348.0322397432749,1375.2884685231777,1320.6173557119644,1345.4573054987889,10,83.96054349962223,2026-10-08,2026-10-07T13:16:10+00:00,0.0019830793400256,77.58551307847083,6.375030421151411,9.999999999999998,ranking_top10,1.0,,,,,CORE,1.0,9.999999999999998,uncertainty_rank_v2,,,,,,,,,,,,,,,,,,,,
2026-10-08,CUPID,356.6499938964844,358.53051490038075,364.97946145461225,350.11018786168586,357.7511947379323,1,86.55569638722781,2026-10-09,2026-10-08T11:25:19+00:00,0.0016112966603725,76.84104627766598,9.714650109561836,5.000000000000004,ranking_top10,1.0,,,,,CORE,1.0,5.000000000000004,uncertainty_rank_v2,0.5,50.0,,,,,,,,,,,,,,,,,,
2026-10-08,PTCIL,24470.0,24512.063584013536,24845.938034109637,24146.72032492824,24475.92621407562,2,85.96185537463873,2026-10-09,2026-10-08T11:25:19+00:00,0.0009123354839702,76.60965794768612,9.35219742695261,65.0,ranking_top10,1.0,,,,,CORE,1.0,65.0,uncertainty_rank_v2,0.5,50.0,,,,,,,,,,,,,,,,,,
2026-10-08,GLAND,3079.10009765625,3083.353350260476,3124.1279203808804,3038.778028763875,3079.2726311576785,3,84.77789688964435,2026-10-09,2026-10-08T11:25:19+00:00,0.0008972142063531,75.06036217303824,9.717534716606108,75.0,ranking_top10,1.0,,,,,CORE,1.0,75.0,uncertainty_rank_v2,0.5,50.0,,,,,,,,,,,,,,,,,,
2026-10-08,BBOX,856.5499877929688,859.2550153456544,877.3464915010161,839.2382611501773,856.8016092790298,4,84.34850055548827,2026-10-09,2026-10-08T11:25:19+00:00,0.0011956474492136,78.55130784708248,5.797192708405792,20.0,ranking_top10,1.0,,,,,CORE,1.0,20.0,uncertainty_rank_v2,0.5,50.0,,,,,,,,,,,,,,,,,,
2026-10-08,GESHIP,1529.699951171875,1531.4930677982288,1550.2526831774087,1510.3203564282817,1529.8520724052555,5,83.37409229578168,2026-10-09,2026-10-08T11:25:19+00:00,0.0006993433065985,69.63782696177063,13.736265334011057,85.0,ranking_top10,1.0,,,,,CORE,1.0,85.0,uncertainty_rank_v2,0.5,50.0,,,,,,,,,,,,,,,,,,
2026-10-08,KOTAKBANK,435.0,435.46251944123503,439.7072813731114,430.6611658747367,434.9631300027434,6,83.05975139455857,2026-10-09,2026-10-08T11:25:19+00:00,0.0006918750340444,73.71227364185111,9.34747775270746,95.0,ranking_top10,1.0,,,,,CORE,1.0,95.0,uncertainty_rank_v2,0.5,50.0,,,,,,,,,,,,,,,,,,
2026-10-08,PNB,115.29000091552734,115.53903100823928,116.79554033647388,113.98534723517116,115.25115902493296,7,82.80994779266236,2026-10-09,2026-10-08T11:25:19+00:00,0.0009284024319837,70.71428571428572,12.095662078376634,60.0,ranking_top10,1.0,,,,,CORE,1.0,60.0,uncertainty_rank_v2,0.5,50.0,,,,,,,,,,,,,,,,,,
2026-10-08,RRKABEL,2696.39990234375,2699.7613106056338,2735.167441476224,2660.962897706992,2696.0431040678623,8,82.61933368480642,2026-10-09,2026-10-08T11:25:19+00:00,0.0011527657945817,73.69215291750503,8.927180767301397,35.0,ranking_top10,1.0,,,,,CORE,1.0,35.0,uncertainty_rank_v2,0.5,50.0,,,,,,,,,,,,,,,,,,
2026-10-08,PWL,140.47999572753906,140.95662642291023,143.34180016233296,138.3101884211295,140.48367360777883,9,82.56173156886479,2026-10-09,2026-10-08T11:25:19+00:00,0.0017280184376604,76.64989939637827,5.911832172486519,0.0,ranking_top10,1.0,,,,,CORE,1.0,0.0,uncertainty_rank_v2,0.5,50.0,,,,,,,,,,,,,,,,,,
2026-10-08,CPPLUS,3972.199951171875,3980.278202448341,4049.0241705141466,3907.984170564309,3972.275791154238,10,82.34626503090466,2026-10-09,2026-10-08T11:25:19+00:00,0.0011824768450001,73.24949698189135,9.09676804901331,25.0,ranking_top10,1.0,,,,,CORE,1.0,25.0,uncertainty_rank_v2,0.5,50.0,,,,,,,,,,,,,,,,,,
2026-10-09,PERSISTENT,5770.0,5785.991581543942,5870.1599268627415,5691.261945813632,5775.0555275203815,1,88.41182317400998,2026-10-12,2026-10-09T12:17:13+00:00,0.0016167489397242013,76.91146881287727,11.500354361132707,25.0,risk_off_defensive_adaptive_v2,1.0,,,,,CORE,1.0,25.0,uncertainty_rank_v2,0.5,50.0,0.046047860768672955,0.0194431985117367,0.06530288204124579,LOW,RISK_OFF,0.55,31.81180228136882,0.0,0.0,0.0,,76.70204097993553,0.029509394499712148,2950.939449971215,"{""confidence"": 25.0, ""rank"": 1, ""regime"": ""NEUTRAL"", ""risk_level"": ""RISK_OFF"", ""sector_news_score"": 0.0, ""selection_reason"": ""highest adaptive score after regime, quality, risk and contextual-news controls"", ""stock_news_score"": 0.0, ""symbol"": ""PERSISTENT""}",0.0,66.7,34.18301024498388
2026-10-09,CPPLUS,4185.2001953125,4202.947957202136,4293.182162339857,4109.390645091322,4187.375941314863,2,88.03036965867125,2026-10-12,2026-10-09T12:17:13+00:00,0.002007852234073571,78.93360160965794,9.09676804901331,5.000000000000004,risk_off_defensive_adaptive_v2,1.0,,,,,CORE,1.0,5.000000000000004,uncertainty_rank_v2,0.5,50.0,0.09402697564043905,0.03175154085732754,0.11019304423216747,LOW,RISK_OFF,0.55,31.81180228136882,0.0,0.0,0.0,,79.34112557045802,0.003614042025847982,361.4042025847982,"{""confidence"": 5.000000000000004, ""rank"": 2, ""regime"": ""NEUTRAL"", ""risk_level"": ""RISK_OFF"", ""sector_news_score"": 0.0, ""selection_reason"": ""highest adaptive score after regime, quality, risk and contextual-news controls"", ""stock_news_score"": 0.0, ""symbol"": ""CPPLUS""}",0.0,47.6,30.545281392614505
2026-10-09,CUPID,366.1000061035156,367.77709472944645,377.1054630232506,356.24464579555524,365.4688456204741,3,87.98426781579926,2026-10-12,2026-10-09T12:17:13+00:00,0.001691389203333443,78.26961770623743,9.714650109561836,15.000000000000002,risk_off_defensive_adaptive_v2,1.0,,,,,CORE,1.0,15.000000000000002,uncertainty_rank_v2,0.5,50.0,0.3075000217982702,0.03975541139269703,0.2413641265018036,LOW,RISK_OFF,0.55,31.81180228136882,0.0,0.0,0.0,,77.89901543693875,0.00865930440842253,865.930440842253,"{""confidence"": 15.000000000000002, ""rank"": 3, ""regime"": ""NEUTRAL"", ""risk_level"": ""RISK_OFF"", ""sector_news_score"": 0.0, ""selection_reason"": ""highest adaptive score after regime, quality, risk and contextual-news controls"", ""stock_news_score"": 0.0, ""symbol"": ""CUPID""}",0.0,56.900000000000006,32.27725385923469
2026-10-09,PTCIL,24535.0,24577.637074949173,24919.393063594645,24205.27257648707,24535.46427603705,4,86.19324370461861,2026-10-12,2026-10-09T12:17:13+00:00,0.0011415800407311473,76.841046277666,9.35219742695261,70.0,risk_off_defensive_adaptive_v2,1.0,,,,,CORE,1.0,70.0,uncertainty_rank_v2,0.5,50.0,0.09604645968282322,0.026849758255387494,0.07612009035285872,MEDIUM,RISK_OFF,0.55,31.81180228136882,0.0,0.0,0.0,,69.11378609088403,0.05983367251699552,5983.367251699552,"{""confidence"": 70.0, ""rank"": 4, ""regime"": ""NEUTRAL"", ""risk_level"": ""RISK_OFF"", ""sector_news_score"": 0.0, ""selection_reason"": ""highest adaptive score after regime, quality, risk and contextual-news controls"", ""stock_news_score"": 0.0, ""symbol"": ""PTCIL""}",0.0,55.500000000000014,29.76594652272101
2026-10-09,CYIENT,1158.800048828125,1164.1805751143113,1189.726178938423,1136.668292731349,1159.9169696254328,5,86.08337373415876,2026-10-12,2026-10-09T12:17:13+00:00,0.0018239362929778243,78.05835010060362,8.02502363355514,9.999999999999998,risk_off_defensive_adaptive_v2,1.0,,,,,CORE,1.0,9.999999999999998,uncertainty_rank_v2,0.5,50.0,0.09382671523822084,0.02494539396289085,0.06506378151647962,LOW,RISK_OFF,0.55,31.81180228136882,0.0,0.0,0.0,,71.10474079952124,0.009200207718869206,920.0207718869206,"{""confidence"": 9.999999999999998, ""rank"": 5, ""regime"": ""NEUTRAL"", ""risk_level"": ""RISK_OFF"", ""sector_news_score"": 0.0, ""selection_reason"": ""highest adaptive score after regime, quality, risk and contextual-news controls"", ""stock_news_score"": 0.0, ""symbol"": ""CYIENT""}",0.0,46.45,28.22743519988031
2026-10-09,KOTAKBANK,441.0,442.23472579660665,446.14089007586136,436.5601952168059,440.99613211115275,6,85.58490229999116,2026-10-12,2026-10-09T12:17:13+00:00,0.0009022525283676887,76.2374245472837,9.34747775270746,95.0,risk_off_defensive_adaptive_v2,1.0,,,,,CORE,1.0,95.0,uncertainty_rank_v2,0.5,50.0,0.05250596658711215,0.014759091688549194,0.05658479197058952,HIGH,RISK_OFF,0.55,31.81180228136882,0.0,0.0,0.0,,65.90025931091913,0.14772431148483,14772.431148483001,"{""confidence"": 95.0, ""rank"": 6, ""regime"": ""NEUTRAL"", ""risk_level"": ""RISK_OFF"", ""sector_news_score"": 0.0, ""selection_reason"": ""highest adaptive score after regime, quality, risk and contextual-news controls"", ""stock_news_score"": 0.0, ""symbol"": ""KOTAKBANK""}",0.0,63.5,30.762564827729783
2026-10-09,HFCL,260.3999938964844,261.33053735096973,267.42617179671726,255.00191282537847,260.26217487733595,7,85.47216885598236,2026-10-12,2026-10-09T12:17:13+00:00,0.0011165255381459748,78.03822937625755,7.433939479724808,75.0,risk_off_defensive_adaptive_v2,1.0,,,,,CORE,1.0,75.0,uncertainty_rank_v2,0.5,50.0,0.11429668011482508,0.035372110598109185,0.13266635013694805,HIGH,RISK_OFF,0.55,31.81180228136882,0.0,0.0,0.0,,69.0128282773334,0.04866181340474418,4866.181340474418,"{""confidence"": 75.0, ""rank"": 7, ""regime"": ""NEUTRAL"", ""risk_level"": ""RISK_OFF"", ""sector_news_score"": 0.0, ""selection_reason"": ""highest adaptive score after regime, quality, risk and contextual-news controls"", ""stock_news_score"": 0.0, ""symbol"": ""HFCL""}",0.0,42.45,26.804457069333353
2026-10-09,KARURVYSYA,339.8999938964844,341.1276379450425,345.3275705176921,335.5624298666882,339.9794906804288,8,85.23428534755,2026-10-12,2026-10-09T12:17:13+00:00,0.0010651674152280769,74.58752515090544,10.646760196644562,85.0,risk_off_defensive_adaptive_v2,1.0,,,,,CORE,1.0,85.0,uncertainty_rank_v2,0.5,50.0,0.018274434771097026,0.01637704314521516,0.03884591378265112,HIGH,RISK_OFF,0.55,31.81180228136882,0.0,0.0,0.0,,61.52395694673686,0.11911636517332726,11911.636517332725,"{""confidence"": 85.0, ""rank"": 8, ""regime"": ""NEUTRAL"", ""risk_level"": ""RISK_OFF"", ""sector_news_score"": 0.0, ""selection_reason"": ""highest adaptive score after regime, quality, risk and contextual-news controls"", ""stock_news_score"": 0.0, ""symbol"": ""KARURVYSYA""}",0.0,61.150000000000006,29.139739236684218
2026-10-09,BBOX,892.0999755859375,895.9107404529562,916.7085389528295,872.9690671625889,892.0390249163464,9,84.84145830196715,2026-10-12,2026-10-09T12:17:13+00:00,0.0016414629191958234,79.04426559356136,5.797192708405792,19.999999999999996,risk_off_defensive_adaptive_v2,1.0,,,,,CORE,1.0,19.999999999999996,uncertainty_rank_v2,0.5,50.0,0.11401097550537509,0.031068818542157213,0.1012084551913397,LOW,RISK_OFF,0.55,31.81180228136882,0.0,0.0,0.0,,68.84480850100626,0.014773835430929555,1477.3835430929555,"{""confidence"": 19.999999999999996, ""rank"": 9, ""regime"": ""NEUTRAL"", ""risk_level"": ""RISK_OFF"", ""sector_news_score"": 0.0, ""selection_reason"": ""highest adaptive score after regime, quality, risk and contextual-news controls"", ""stock_news_score"": 0.0, ""symbol"": ""BBOX""}",0.0,43.650000000000006,27.032452125251567
2026-10-09,RRKABEL,2705.60009765625,2709.4550289561703,2744.8973259881805,2670.8407538920956,2704.982554709902,10,83.45434374516859,2026-10-12,2026-10-09T12:17:13+00:00,0.001154564986332375,74.52716297786719,8.927180767301397,65.0,risk_off_defensive_adaptive_v2,1.0,,,,,CORE,1.0,65.0,uncertainty_rank_v2,0.5,50.0,0.11598754604826289,0.02213394337338494,0.07017700697516016,MEDIUM,RISK_OFF,0.55,31.81180228136882,0.0,0.0,0.0,,55.42849544515377,0.06739730984237201,6739.730984237201,"{""confidence"": 65.0, ""rank"": 10, ""regime"": ""NEUTRAL"", ""risk_level"": ""RISK_OFF"", ""sector_news_score"": 0.0, ""selection_reason"": ""highest adaptive score after regime, quality, risk and contextual-news controls"", ""stock_news_score"": 0.0, ""symbol"": ""RRKABEL""}",0.0,61.150000000000006,27.615873861288446
