symbol,rows,accuracy_pct,recent_accuracy_pct,stability_gap_pct,stable,as_of
CRISIL,1,100.0,100.0,0.0,False,2026-10-09
ENGINERSIN,1,100.0,100.0,0.0,False,2026-10-09
GLENMARK,1,100.0,100.0,0.0,False,2026-10-09
IREDA,1,100.0,100.0,0.0,False,2026-10-09
PWL,2,100.0,100.0,0.0,False,2026-10-09
SONACOMS,1,100.0,100.0,0.0,False,2026-10-09
SUNDARMFIN,2,100.0,100.0,0.0,False,2026-10-09
TEGA,1,100.0,100.0,0.0,False,2026-10-09
ZYDUSLIFE,1,100.0,100.0,0.0,False,2026-10-09
APARINDS,5,80.0,80.0,0.0,False,2026-10-09
CUPID,5,80.0,80.0,0.0,False,2026-10-09
LGEINDIA,5,80.0,80.0,0.0,False,2026-10-09
PAYTM,4,75.0,75.0,0.0,False,2026-10-09
HFCL,3,66.66666666666666,66.66666666666666,0.0,False,2026-10-09
NTPCGREEN,3,66.66666666666666,66.66666666666666,0.0,False,2026-10-09
STLTECH,3,66.66666666666666,66.66666666666666,0.0,False,2026-10-09
GESHIP,5,60.0,60.0,0.0,False,2026-10-09
AZAD,2,50.0,50.0,0.0,False,2026-10-09
BBOX,2,50.0,50.0,0.0,False,2026-10-09
BHEL,2,50.0,50.0,0.0,False,2026-10-09
IPCALAB,4,50.0,50.0,0.0,False,2026-10-09
LENSKART,2,50.0,50.0,0.0,False,2026-10-09
MANKIND,2,50.0,50.0,0.0,False,2026-10-09
MTARTECH,2,50.0,50.0,0.0,False,2026-10-09
OBEROIRLTY,2,50.0,50.0,0.0,False,2026-10-09
PATANJALI,6,50.0,50.0,0.0,False,2026-10-09
PHOENIXLTD,2,50.0,50.0,0.0,False,2026-10-09
PTCIL,2,50.0,50.0,0.0,False,2026-10-09
TATAINVEST,2,50.0,50.0,0.0,False,2026-10-09
LICHSGFIN,7,42.857142857142854,42.857142857142854,0.0,False,2026-10-09
AUROPHARMA,6,33.33333333333333,33.33333333333333,0.0,False,2026-10-09
CASTROLIND,3,33.33333333333333,33.33333333333333,0.0,False,2026-10-09
CPPLUS,3,33.33333333333333,33.33333333333333,0.0,False,2026-10-09
JSWINFRA,6,33.33333333333333,33.33333333333333,0.0,False,2026-10-09
KOTAKBANK,3,33.33333333333333,33.33333333333333,0.0,False,2026-10-09
MCX,3,33.33333333333333,33.33333333333333,0.0,False,2026-10-09
MEDANTA,3,33.33333333333333,33.33333333333333,0.0,False,2026-10-09
RRKABEL,3,33.33333333333333,33.33333333333333,0.0,False,2026-10-09
LAURUSLABS,7,28.57142857142857,28.57142857142857,0.0,False,2026-10-09
SUNTV,4,25.0,25.0,0.0,False,2026-10-09
ACUTAAS,1,0.0,0.0,0.0,False,2026-10-09
AEGISLOG,1,0.0,0.0,0.0,False,2026-10-09
AETHER,1,0.0,0.0,0.0,False,2026-10-09
AJANTPHARM,1,0.0,0.0,0.0,False,2026-10-09
CYIENT,1,0.0,0.0,0.0,False,2026-10-09
GLAND,2,0.0,0.0,0.0,False,2026-10-09
ICICIAMC,1,0.0,0.0,0.0,False,2026-10-09
IDFCFIRSTB,2,0.0,0.0,0.0,False,2026-10-09
JSL,2,0.0,0.0,0.0,False,2026-10-09
KIRLOSENG,1,0.0,0.0,0.0,False,2026-10-09
MAHABANK,1,0.0,0.0,0.0,False,2026-10-09
MEESHO,1,0.0,0.0,0.0,False,2026-10-09
MOTILALOFS,2,0.0,0.0,0.0,False,2026-10-09
NIACL,1,0.0,0.0,0.0,False,2026-10-09
PETRONET,1,0.0,0.0,0.0,False,2026-10-09
PNB,1,0.0,0.0,0.0,False,2026-10-09
PVRINOX,1,0.0,0.0,0.0,False,2026-10-09
REDINGTON,1,0.0,0.0,0.0,False,2026-10-09
SYRMA,1,0.0,0.0,0.0,False,2026-10-09
TDPOWERSYS,2,0.0,0.0,0.0,False,2026-10-09
WELCORP,1,0.0,0.0,0.0,False,2026-10-09
WELSPUNLIV,2,0.0,0.0,0.0,False,2026-10-09
