target_date,v1_pnl,v1_return_pct,v1_drawdown_pct,v2_pnl,v2_return_pct,v2_drawdown_pct,v2_trades,pnl_difference,return_difference_pct,v2_wins_session
2026-09-24,-38.53254305539757,-0.0385325430553975,,-174.89794462585243,-0.1748979446258524,0.0,5.0,-136.36540157045488,-0.1363654015704549,0
2026-09-25,-935.4218751248768,-0.9354218751248768,,0.0,0.0,0.0,0.0,935.4218751248768,0.9354218751248768,1
2026-09-28,-1063.1353295243734,-1.0631353295243733,,0.0,0.0,0.0,0.0,1063.1353295243734,1.0631353295243733,1
2026-09-29,-2228.062777976285,-2.2280627779762847,,0.0,0.0,0.0,0.0,2228.062777976285,2.2280627779762847,1
2026-09-30,1516.3994140625,1.5163994140625,,0.0,0.0,0.0,0.0,-1516.3994140625,-1.5163994140625,0
2026-10-01,-784.8299102783203,-0.7848299102783204,,0.0,0.0,0.0,0.0,784.8299102783203,0.7848299102783204,1
2026-10-05,389.3098297119142,0.3893098297119141,,0.0,0.0,0.0,0.0,-389.3098297119142,-0.3893098297119141,0
2026-10-06,-784.2003173828125,-0.7842003173828126,,0.0,0.0,0.0,0.0,784.2003173828125,0.7842003173828126,1
2026-10-07,711.1505126953125,0.7111505126953125,,0.0,0.0,0.0,0.0,-711.1505126953125,-0.7111505126953125,0
