target_date,message_hash
2026-09-18,008087cc4588f51c244fa1b2c9104ad52649750bff181cd970a00444ab7c83e7
2026-09-21,3abcb62c2eb6c54828fa6c7daac80434314ea793fe774f0e8b8e7ee3ec80bbf2
2026-09-22,5925f9bba90782268cd8a0e0ac49b5aadb081a307abdcf626838477367f414a0
2026-09-22,ef0180a6bfeed95877f518d76d743e9d91cc2d514e49ef85963de6d5ef3bb1a0
2026-09-23,8164047cf79b1d1802bf78ef17821a156bff850acd451ae671783aa7ac83834c
2026-09-24,b9c5f7b307988488e0e4077c8c72ea6ddec3bed8713c102a754d50cba06d2260
2026-09-25,33046db95dc8727b1abd5b1c87a0376f1095fa53eef34ffb3ebd61694adbb188
2026-09-28,9f4e0729f757290bffda50348ea75c7b281742aad90c8b2fa522a9e2f93c4b58
2026-09-29,7de9b12c3a590647e3006b746420c104bc7a107e9c935eb67b4d33d7af47068a
