symbol,company_name
360ONE,360 ONE WAM Ltd.
3MINDIA,3M India Ltd.
AADHARHFC,Aadhar Housing Finance Ltd.
AARTIIND,Aarti Industries Ltd.
AAVAS,Aavas Financiers Ltd.
ABB,ABB India Ltd.
ABBOTINDIA,Abbott India Ltd.
ABCAPITAL,Aditya Birla Capital Ltd.
ABDL,Allied Blenders and Distillers Ltd.
ABFRL,Aditya Birla Fashion and Retail Ltd.
ABLBL,Aditya Birla Lifestyle Brands Ltd.
ABREL,Aditya Birla Real Estate Ltd.
ABSLAMC,Aditya Birla Sun Life AMC Ltd.
ACC,ACC Ltd.
ACE,Action Construction Equipment Ltd.
ACMESOLAR,ACME Solar Holdings Ltd.
ACUTAAS,Acutaas Chemicals Ltd.
ADANIENSOL,Adani Energy Solutions Ltd.
ADANIENT,Adani Enterprises Ltd.
ADANIGREEN,Adani Green Energy Ltd.
ADANIPORTS,Adani Ports and Special Economic Zone Ltd.
ADANIPOWER,Adani Power Ltd.
AEGISLOG,Aegis Logistics Ltd.
AEGISVOPAK,Aegis Vopak Terminals Ltd.
AFCONS,Afcons Infrastructure Ltd.
AFFLE,Affle 3i Ltd.
AIAENG,AIA Engineering Ltd.
AIIL,Authum Investment & Infrastructure Ltd.
AJANTPHARM,Ajanta Pharmaceuticals Ltd.
ALKEM,Alkem Laboratories Ltd.
AMBER,Amber Enterprises India Ltd.
AMBUJACEM,Ambuja Cements Ltd.
ANANDRATHI,Anand Rathi Wealth Ltd.
ANANTRAJ,Anant Raj Ltd.
ANGELONE,Angel One Ltd.
ANTHEM,Anthem Biosciences Ltd.
ANURAS,Anupam Rasayan India Ltd.
APARINDS,Apar Industries Ltd.
APLAPOLLO,APL Apollo Tubes Ltd.
APOLLOHOSP,Apollo Hospitals Enterprise Ltd.
APOLLOTYRE,Apollo Tyres Ltd.
APTUS,Aptus Value Housing Finance India Ltd.
ARE&M,Amara Raja Energy & Mobility Ltd.
ASAHIINDIA,Asahi India Glass Ltd.
ASHOKLEY,Ashok Leyland Ltd.
ASIANPAINT,Asian Paints Ltd.
ASTERDM,Aster DM Quality Care Ltd.
ASTRAL,Astral Ltd.
ATGL,Adani Total Gas Ltd.
ATHERENERG,Ather Energy Ltd.
ATUL,Atul Ltd.
AUBANK,AU Small Finance Bank Ltd.
AUROPHARMA,Aurobindo Pharma Ltd.
AWL,AWL Agri Business Ltd.
AXISBANK,Axis Bank Ltd.
BAJAJ-AUTO,Bajaj Auto Ltd.
BAJAJFINSV,Bajaj Finserv Ltd.
BAJAJHFL,Bajaj Housing Finance Ltd.
BAJAJHLDNG,Bajaj Holdings & Investment Ltd.
BAJFINANCE,Bajaj Finance Ltd.
BALKRISIND,Balkrishna Industries Ltd.
BALRAMCHIN,Balrampur Chini Mills Ltd.
BANDHANBNK,Bandhan Bank Ltd.
BANKBARODA,Bank of Baroda
BANKINDIA,Bank of India
BATAINDIA,Bata India Ltd.
BAYERCROP,Bayer Cropscience Ltd.
BBTC,Bombay Burmah Trading Corporation Ltd.
BDL,Bharat Dynamics Ltd.
BEL,Bharat Electronics Ltd.
BELRISE,Belrise Industries Ltd.
BEML,BEML Ltd.
BERGEPAINT,Berger Paints India Ltd.
BHARATFORG,Bharat Forge Ltd.
BHARTIARTL,Bharti Airtel Ltd.
BHARTIHEXA,Bharti Hexacom Ltd.
BHEL,Bharat Heavy Electricals Ltd.
BIKAJI,Bikaji Foods International Ltd.
BIOCON,Biocon Ltd.
BLS,BLS International Services Ltd.
BLUEDART,Blue Dart Express Ltd.
BLUEJET,Blue Jet Healthcare Ltd.
BLUESTARCO,Blue Star Ltd.
BOSCHLTD,Bosch Ltd.
BPCL,Bharat Petroleum Corporation Ltd.
BRIGADE,Brigade Enterprises Ltd.
BRITANNIA,Britannia Industries Ltd.
BSE,BSE Ltd.
BSOFT,Birlasoft Ltd.
CAMS,Computer Age Management Services Ltd.
CANBK,Canara Bank
CANFINHOME,Can Fin Homes Ltd.
CANHLIFE,Canara HSBC Life Insurance Company Ltd.
CAPLIPOINT,Caplin Point Laboratories Ltd.
CARBORUNIV,Carborundum Universal Ltd.
CARTRADE,Cartrade Tech Ltd.
CASTROLIND,Castrol India Ltd.
CCL,CCL Products (I) Ltd.
CDSL,Central Depository Services (India) Ltd.
CEATLTD,Ceat Ltd.
CEMPRO,Cemindia Projects Ltd.
CENTRALBK,Central Bank of India
CESC,CESC Ltd.
CGCL,Capri Global Capital Ltd.
CGPOWER,CG Power and Industrial Solutions Ltd.
CHALET,Chalet Hotels Ltd.
CHAMBLFERT,Chambal Fertilizers & Chemicals Ltd.
CHENNPETRO,Chennai Petroleum Corporation Ltd.
CHOICEIN,Choice International Ltd.
CHOLAFIN,Cholamandalam Investment and Finance Company Ltd.
CHOLAHLDNG,Cholamandalam Financial Holdings Ltd.
CIEINDIA,CIE Automotive India Ltd.
CIPLA,Cipla Ltd.
CLEAN,Clean Science and Technology Ltd.
COALINDIA,Coal India Ltd.
COCHINSHIP,Cochin Shipyard Ltd.
COFORGE,Coforge Ltd.
COHANCE,Cohance Lifesciences Ltd.
COLPAL,Colgate Palmolive (India) Ltd.
CONCOR,Container Corporation of India Ltd.
CONCORDBIO,Concord Biotech Ltd.
COROMANDEL,Coromandel International Ltd.
CPPLUS,Aditya Infotech Ltd.
CRAFTSMAN,Craftsman Automation Ltd.
CREDITACC,CreditAccess Grameen Ltd.
CRISIL,CRISIL Ltd.
CROMPTON,Crompton Greaves Consumer Electricals Ltd.
CUB,City Union Bank Ltd.
CUMMINSIND,Cummins India Ltd.
CYIENT,Cyient Ltd.
DABUR,Dabur India Ltd.
DALBHARAT,Dalmia Bharat Ltd.
DATAPATTNS,Data Patterns (India) Ltd.
DCMSHRIRAM,DCM Shriram Ltd.
DEEPAKFERT,Deepak Fertilisers & Petrochemicals Corp. Ltd.
DEEPAKNTR,Deepak Nitrite Ltd.
DELHIVERY,Delhivery Ltd.
DEVYANI,Devyani International Ltd.
DIVISLAB,Divi's Laboratories Ltd.
DIXON,Dixon Technologies (India) Ltd.
DLF,DLF Ltd.
DMART,Avenue Supermarts Ltd.
DOMS,DOMS Industries Ltd.
DRREDDY,Dr. Reddy's Laboratories Ltd.
DUMMYHEG,Dummy HEG Ltd.
ECLERX,eClerx Services Ltd.
EICHERMOT,Eicher Motors Ltd.
EIDPARRY,E.I.D. Parry (India) Ltd.
EIHOTEL,EIH Ltd.
ELECON,Elecon Engineering Co. Ltd.
ELGIEQUIP,Elgi Equipments Ltd.
EMAMILTD,Emami Ltd.
EMCURE,Emcure Pharmaceuticals Ltd.
EMMVEE,Emmvee Photovoltaic Power Ltd.
ENDURANCE,Endurance Technologies Ltd.
ENGINERSIN,Engineers India Ltd.
ENRIN,Siemens Energy India Ltd.
ERIS,Eris Lifesciences Ltd.
ESCORTS,Escorts Kubota Ltd.
ETERNAL,Eternal Ltd.
EXIDEIND,Exide Industries Ltd.
FACT,Fertilisers and Chemicals Travancore Ltd.
FEDERALBNK,Federal Bank Ltd.
FINCABLES,Finolex Cables Ltd.
FIRSTCRY,Brainbees Solutions Ltd.
FIVESTAR,Five-Star Business Finance Ltd.
FLUOROCHEM,Gujarat Fluorochemicals Ltd.
FORCEMOT,Force Motors Ltd.
FORTIS,Fortis Healthcare Ltd.
FSL,Firstsource Solutions Ltd.
GABRIEL,Gabriel India Ltd.
GAIL,GAIL (India) Ltd.
GALLANTT,Gallantt Ispat Ltd.
GESHIP,Great Eastern Shipping Co. Ltd.
GICRE,General Insurance Corporation of India
GILLETTE,Gillette India Ltd.
GLAND,Gland Pharma Ltd.
GLAXO,Glaxosmithkline Pharmaceuticals Ltd.
GLENMARK,Glenmark Pharmaceuticals Ltd.
GMDCLTD,Gujarat Mineral Development Corporation Ltd.
GMRAIRPORT,GMR Airports Ltd.
GODFRYPHLP,Godfrey Phillips India Ltd.
GODIGIT,Go Digit General Insurance Ltd.
GODREJCP,Godrej Consumer Products Ltd.
GODREJIND,Godrej Industries Ltd.
GODREJPROP,Godrej Properties Ltd.
GPIL,Godawari Power & Ispat Ltd.
GRANULES,Granules India Ltd.
GRAPHITE,Graphite India Ltd.
GRASIM,Grasim Industries Ltd.
GRAVITA,Gravita India Ltd.
GROWW,Billionbrains Garage Ventures Ltd.
GRSE,Garden Reach Shipbuilders & Engineers Ltd.
GVT&D,GE Vernova T&D India Ltd.
HAL,Hindustan Aeronautics Ltd.
HAVELLS,Havells India Ltd.
HBLENGINE,HBL Engineering Ltd.
HCLTECH,HCL Technologies Ltd.
HDBFS,HDB Financial Services Ltd.
HDFCAMC,HDFC Asset Management Company Ltd.
HDFCBANK,HDFC Bank Ltd.
HDFCLIFE,HDFC Life Insurance Company Ltd.
HEGAM,HEG Advanced Materials Ltd.
HEROMOTOCO,Hero MotoCorp Ltd.
HEXT,Hexaware Technologies Ltd.
HFCL,HFCL Ltd.
HINDALCO,Hindalco Industries Ltd.
HINDCOPPER,Hindustan Copper Ltd.
HINDPETRO,Hindustan Petroleum Corporation Ltd.
HINDUNILVR,Hindustan Unilever Ltd.
HINDZINC,Hindustan Zinc Ltd.
HOMEFIRST,Home First Finance Company India Ltd.
HONASA,Honasa Consumer Ltd.
HONAUT,Honeywell Automation India Ltd.
HSCL,Himadri Speciality Chemical Ltd.
HUDCO,Housing & Urban Development Corporation Ltd.
HYUNDAI,Hyundai Motor India Ltd.
ICICIAMC,ICICI Prudential Asset Management Company Ltd.
ICICIBANK,ICICI Bank Ltd.
ICICIGI,ICICI Lombard General Insurance Company Ltd.
ICICIPRULI,ICICI Prudential Life Insurance Company Ltd.
IDBI,IDBI Bank Ltd.
IDEA,Vodafone Idea Ltd.
IDFCFIRSTB,IDFC First Bank Ltd.
IEX,Indian Energy Exchange Ltd.
IFCI,IFCI Ltd.
IGIL,International Gemological Institute Ltd.
IGL,Indraprastha Gas Ltd.
IIFL,IIFL Finance Ltd.
IKS,Inventurus Knowledge Solutions Ltd.
INDGN,Indegene Ltd.
INDHOTEL,Indian Hotels Co. Ltd.
INDIACEM,India Cements Ltd.
INDIAMART,Indiamart Intermesh Ltd.
INDIANB,Indian Bank
INDIGO,InterGlobe Aviation Ltd.
INDUSINDBK,IndusInd Bank Ltd.
INDUSTOWER,Indus Towers Ltd.
INFY,Infosys Ltd.
INOXWIND,Inox Wind Ltd.
INTELLECT,Intellect Design Arena Ltd.
IOB,Indian Overseas Bank
IOC,Indian Oil Corporation Ltd.
IPCALAB,Ipca Laboratories Ltd.
IRB,IRB Infrastructure Developers Ltd.
IRCON,IRCON International Ltd.
IRCTC,Indian Railway Catering And Tourism Corporation Ltd.
IREDA,Indian Renewable Energy Development Agency Ltd.
IRFC,Indian Railway Finance Corporation Ltd.
ITC,ITC Ltd.
ITCHOTELS,ITC Hotels Ltd.
ITI,ITI Ltd.
J&KBANK,Jammu & Kashmir Bank Ltd.
JAINREC,Jain Resource Recycling Ltd.
JBMA,JBM Auto Ltd.
JINDALSAW,Jindal Saw Ltd.
JINDALSTEL,Jindal Steel Ltd.
JIOFIN,Jio Financial Services Ltd.
JKCEMENT,J.K. Cement Ltd.
JKTYRE,JK Tyre & Industries Ltd.
JMFINANCIL,JM Financial Ltd.
JPPOWER,Jaiprakash Power Ventures Ltd.
JSL,Jindal Stainless Ltd.
JSWCEMENT,JSW Cement Ltd.
JSWDULUX,JSW Dulux Ltd.
JSWENERGY,JSW Energy Ltd.
JSWINFRA,JSW Infrastructure Ltd.
JSWSTEEL,JSW Steel Ltd.
JUBLFOOD,Jubilant Foodworks Ltd.
JUBLINGREA,Jubilant Ingrevia Ltd.
JUBLPHARMA,Jubilant Pharmova Ltd.
JWL,Jupiter Wagons Ltd.
JYOTICNC,Jyoti CNC Automation Ltd.
KAJARIACER,Kajaria Ceramics Ltd.
KALYANKJIL,Kalyan Jewellers India Ltd.
KARURVYSYA,Karur Vysya Bank Ltd.
KAYNES,Kaynes Technology India Ltd.
KEC,Kec International Ltd.
KEI,KEI Industries Ltd.
KFINTECH,Kfin Technologies Ltd.
KIMS,Krishna Institute of Medical Sciences Ltd.
KIRLOSENG,Kirloskar Oil Eng Ltd.
KOTAKBANK,Kotak Mahindra Bank Ltd.
KPIL,Kalpataru Projects International Ltd.
KPITTECH,KPIT Technologies Ltd.
KPRMILL,K.P.R. Mill Ltd.
LALPATHLAB,Dr. Lal Path Labs Ltd.
LATENTVIEW,Latent View Analytics Ltd.
LAURUSLABS,Laurus Labs Ltd.
LEMONTREE,Lemon Tree Hotels Ltd.
LENSKART,Lenskart Solutions Ltd.
LGEINDIA,LG Electronics India Ltd.
LICHSGFIN,LIC Housing Finance Ltd.
LICI,Life Insurance Corporation of India
LINDEINDIA,Linde India Ltd.
LLOYDSME,Lloyds Metals And Energy Ltd.
LODHA,Lodha Developers Ltd.
LT,Larsen & Toubro Ltd.
LTF,L&T Finance Ltd.
LTFOODS,LT Foods Ltd.
LTM,LTM Ltd.
LTTS,L&T Technology Services Ltd.
LUPIN,Lupin Ltd.
M&M,Mahindra & Mahindra Ltd.
M&MFIN,Mahindra & Mahindra Financial Services Ltd.
MAHABANK,Bank of Maharashtra
MANAPPURAM,Manappuram Finance Ltd.
MANKIND,Mankind Pharma Ltd.
MAPMYINDIA,C.E. Info Systems Ltd.
MARICO,Marico Ltd.
MARUTI,Maruti Suzuki India Ltd.
MAXHEALTH,Max Healthcare Institute Ltd.
MAZDOCK,Mazagoan Dock Shipbuilders Ltd.
MCX,Multi Commodity Exchange of India Ltd.
MEDANTA,Global Health Ltd.
MEESHO,Meesho Ltd.
MFSL,Max Financial Services Ltd.
MGL,Mahanagar Gas Ltd.
MINDACORP,Minda Corporation Ltd.
MMTC,MMTC Ltd.
MOTHERSON,Samvardhana Motherson International Ltd.
MOTILALOFS,Motilal Oswal Financial Services Ltd.
MPHASIS,MphasiS Ltd.
MRF,MRF Ltd.
MRPL,Mangalore Refinery & Petrochemicals Ltd.
MSUMI,Motherson Sumi Wiring India Ltd.
MUTHOOTFIN,Muthoot Finance Ltd.
NAM-INDIA,Nippon Life India Asset Management Ltd.
NATCOPHARM,NATCO Pharma Ltd.
NATIONALUM,National Aluminium Co. Ltd.
NAUKRI,Info Edge (India) Ltd.
NAVA,Nava Ltd.
NAVINFLUOR,Navin Fluorine International Ltd.
NBCC,NBCC (India) Ltd.
NCC,NCC Ltd.
NESTLEIND,Nestle India Ltd.
NETWEB,Netweb Technologies India Ltd.
NEULANDLAB,Neuland Laboratories Ltd.
NEWGEN,Newgen Software Technologies Ltd.
NH,Narayana Hrudayalaya Ltd.
NHPC,NHPC Ltd.
NIACL,The New India Assurance Company Ltd.
NIVABUPA,Niva Bupa Health Insurance Company Ltd.
NLCINDIA,NLC India Ltd.
NMDC,NMDC Ltd.
NSLNISP,NMDC Steel Ltd.
NTPC,NTPC Ltd.
NTPCGREEN,NTPC Green Energy Ltd.
NUVAMA,Nuvama Wealth Management Ltd.
NUVOCO,Nuvoco Vistas Corporation Ltd.
NYKAA,FSN E-Commerce Ventures Ltd.
OBEROIRLTY,Oberoi Realty Ltd.
OFSS,Oracle Financial Services Software Ltd.
OIL,Oil India Ltd.
OLAELEC,Ola Electric Mobility Ltd.
OLECTRA,Olectra Greentech Ltd.
ONESOURCE,Onesource Specialty Pharma Ltd.
ONGC,Oil & Natural Gas Corporation Ltd.
PAGEIND,Page Industries Ltd.
PARADEEP,Paradeep Phosphates Ltd.
PATANJALI,Patanjali Foods Ltd.
PAYTM,One 97 Communications Ltd.
PCBL,PCBL Chemical Ltd.
PERSISTENT,Persistent Systems Ltd.
PETRONET,Petronet LNG Ltd.
PFC,Power Finance Corporation Ltd.
PFIZER,Pfizer Ltd.
PFOCUS,Prime Focus Ltd.
PGEL,PG Electroplast Ltd.
PHOENIXLTD,Phoenix Mills Ltd.
PIDILITIND,Pidilite Industries Ltd.
PIIND,PI Industries Ltd.
PINELABS,Pine Labs Ltd.
PIRAMALFIN,Piramal Finance Ltd.
PNB,Punjab National Bank
PNBHOUSING,PNB Housing Finance Ltd.
POLICYBZR,PB Fintech Ltd.
POLYCAB,Polycab India Ltd.
POLYMED,Poly Medicure Ltd.
POONAWALLA,Poonawalla Fincorp Ltd.
POWERGRID,Power Grid Corporation of India Ltd.
POWERINDIA,Hitachi Energy India Ltd.
PPLPHARMA,Piramal Pharma Ltd.
PREMIERENE,Premier Energies Ltd.
PRESTIGE,Prestige Estates Projects Ltd.
PTCIL,PTC Industries Ltd.
PVRINOX,PVR INOX Ltd.
PWL,Physicswallah Ltd.
RADICO,Radico Khaitan Ltd
RAILTEL,Railtel Corporation Of India Ltd.
RAINBOW,Rainbow Childrens Medicare Ltd.
RAMCOCEM,The Ramco Cements Ltd.
RBLBANK,RBL Bank Ltd.
RECLTD,REC Ltd.
REDINGTON,Redington Ltd.
RELIANCE,Reliance Industries Ltd.
RHIM,RHI MAGNESITA INDIA LTD.
RITES,RITES Ltd.
RKFORGE,Ramkrishna Forgings Ltd.
RPOWER,Reliance Power Ltd.
RRKABEL,R R Kabel Ltd.
RVNL,Rail Vikas Nigam Ltd.
SAGILITY,Sagility Ltd.
SAIL,Steel Authority of India Ltd.
SAILIFE,Sai Life Sciences Ltd.
SAMMAANCAP,Sammaan Capital Ltd.
SAPPHIRE,Sapphire Foods India Ltd.
SARDAEN,Sarda Energy and Minerals Ltd.
SAREGAMA,Saregama India Ltd
SBFC,SBFC Finance Ltd.
SBICARD,SBI Cards and Payment Services Ltd.
SBILIFE,SBI Life Insurance Company Ltd.
SBIN,State Bank of India
SCHAEFFLER,Schaeffler India Ltd.
SCHNEIDER,Schneider Electric Infrastructure Ltd.
SCI,Shipping Corporation of India Ltd.
SHREECEM,Shree Cement Ltd.
SHRIRAMFIN,Shriram Finance Ltd.
SHYAMMETL,Shyam Metalics and Energy Ltd.
SIEMENS,Siemens Ltd.
SIGNATURE,Signatureglobal (India) Ltd.
SJVN,SJVN Ltd.
SOBHA,Sobha Ltd.
SOLARINDS,Solar Industries India Ltd.
SONACOMS,Sona BLW Precision Forgings Ltd.
SONATSOFTW,Sonata Software Ltd.
SPLPETRO,Supreme Petrochem Ltd.
SRF,SRF Ltd.
STARHEALTH,Star Health and Allied Insurance Company Ltd.
SUMICHEM,Sumitomo Chemical India Ltd.
SUNDARMFIN,Sundaram Finance Ltd.
SUNPHARMA,Sun Pharmaceutical Industries Ltd.
SUNTV,Sun TV Network Ltd.
SUPREMEIND,Supreme Industries Ltd.
SUZLON,Suzlon Energy Ltd.
SWANCORP,Swan Corp Ltd.
SWIGGY,Swiggy Ltd.
SYNGENE,Syngene International Ltd.
SYRMA,Syrma SGS Technology Ltd.
TARIL,Transformers And Rectifiers (India) Ltd.
TATACAP,Tata Capital Ltd.
TATACHEM,Tata Chemicals Ltd.
TATACOMM,Tata Communications Ltd.
TATACONSUM,Tata Consumer Products Ltd.
TATAELXSI,Tata Elxsi Ltd.
TATAINVEST,Tata Investment Corporation Ltd.
TATAPOWER,Tata Power Co. Ltd.
TATASTEEL,Tata Steel Ltd.
TATATECH,Tata Technologies Ltd.
TBOTEK,TBO Tek Ltd.
TCS,Tata Consultancy Services Ltd.
TECHM,Tech Mahindra Ltd.
TECHNOE,Techno Electric & Engineering Company Ltd.
TEGA,Tega Industries Ltd.
TEJASNET,Tejas Networks Ltd.
TENNIND,Tenneco Clean Air India Ltd.
THELEELA,Leela Palaces Hotels & Resorts Ltd.
THERMAX,Thermax Ltd.
TIINDIA,Tube Investments of India Ltd.
TIMKEN,Timken India Ltd.
TITAGARH,Titagarh Rail Systems Ltd.
TITAN,Titan Company Ltd.
TMCV,Tata Motors Ltd.
TMPV,Tata Motors Passenger Vehicles Ltd.
TORNTPHARM,Torrent Pharmaceuticals Ltd.
TORNTPOWER,Torrent Power Ltd.
TRAVELFOOD,Travel Food Services Ltd.
TRENT,Trent Ltd.
TRIDENT,Trident Ltd.
TRITURBINE,Triveni Turbine Ltd.
TTML,Tata Teleservices (Maharashtra) Ltd.
TVSMOTOR,TVS Motor Company Ltd.
UBL,United Breweries Ltd.
UCOBANK,UCO Bank
ULTRACEMCO,UltraTech Cement Ltd.
UNIONBANK,Union Bank of India
UNITDSPR,United Spirits Ltd.
UNOMINDA,UNO Minda Ltd.
UPL,UPL Ltd.
URBANCO,Urban Company Ltd.
USHAMART,Usha Martin Ltd.
UTIAMC,UTI Asset Management Company Ltd.
VBL,Varun Beverages Ltd.
VEDL,Vedanta Ltd.
VIJAYA,Vijaya Diagnostic Centre Ltd.
VMM,Vishal Mega Mart Ltd.
VOLTAS,Voltas Ltd.
VTL,Vardhman Textiles Ltd.
WAAREEENER,Waaree Energies Ltd.
WELCORP,Welspun Corp Ltd.
WELSPUNLIV,Welspun Living Ltd.
WHIRLPOOL,Whirlpool of India Ltd.
WIPRO,Wipro Ltd.
WOCKPHARMA,Wockhardt Ltd.
YESBANK,Yes Bank Ltd.
ZEEL,Zee Entertainment Enterprises Ltd.
ZENSARTECH,Zensar Technolgies Ltd.
ZENTEC,Zen Technologies Ltd.
ZFCVINDIA,ZF Commercial Vehicle Control Systems India Ltd.
ZYDUSLIFE,Zydus Lifesciences Ltd.
ZYDUSWELL,Zydus Wellness Ltd.
