target_date,stocks,open_mape,high_mape,low_mape,close_mape,baseline_open_mape,baseline_high_mape,baseline_low_mape,baseline_close_mape,close_direction_accuracy,baseline_close_direction_accuracy,open_mape_pct,baseline_open_mape_pct,high_mape_pct,baseline_high_mape_pct,low_mape_pct,baseline_low_mape_pct,close_mape_pct,baseline_close_mape_pct,close_direction_accuracy_pct,baseline_close_direction_accuracy_pct,close_mape_delta_pct,close_direction_delta_pct_points
2024-10-01,10,0.004467589927092535,0.017986759090131914,0.008595877618717437,0.02433236175676278,0.0037557699320000955,0.03372483605349003,0.012444035953694563,0.024431472135587794,0.6,,0.44675899270925346,0.37557699320000953,1.7986759090131914,3.3724836053490033,0.8595877618717437,1.2444035953694563,2.433236175676278,2.4431472135587793,60.0,,-0.009911037882501361,
2024-10-31,10,0.006198323017462719,0.010196873570328524,0.007322782183936409,0.01398571553099899,0.005554868994869848,0.018100390613401497,0.01794446578223332,0.01418914754608187,0.6,,0.6198323017462719,0.5554868994869848,1.0196873570328524,1.8100390613401498,0.7322782183936409,1.7944465782233319,1.398571553099899,1.418914754608187,60.0,,-0.020343201508288056,
2024-12-04,10,0.0014488475370287499,0.011771377142084965,0.009225331459635337,0.021062037668284038,0.0030805575453029797,0.024638866472998563,0.01100018813476503,0.020984165574895464,0.2,,0.14488475370287499,0.308055754530298,1.1771377142084964,2.4638866472998564,0.9225331459635336,1.100018813476503,2.1062037668284037,2.0984165574895464,20.0,,0.007787209338857348,
2025-01-03,10,0.004479837269834992,0.014159779293760217,0.00675805907805367,0.01569174400587873,0.0035541605636264877,0.023372347604514197,0.010881639301691106,0.015834030492045324,0.5,,0.44798372698349925,0.3554160563626488,1.4159779293760217,2.3372347604514196,0.675805907805367,1.0881639301691106,1.569174400587873,1.5834030492045323,50.0,,-0.0142286486166594,
2025-02-03,10,0.01749430405436144,0.023414503150074227,0.023274065866309153,0.03308288677624234,0.013864483022764168,0.0317618618373126,0.03528575561807033,0.03324513547559034,0.3,,1.749430405436144,1.3864483022764167,2.341450315007423,3.1761861837312595,2.3274065866309153,3.5285755618070334,3.308288677624234,3.324513547559034,30.0,,-0.01622486993479999,
2025-03-06,10,0.007065860147064262,0.012604202091209823,0.011380981273476606,0.015305913588748466,0.008572625408520784,0.02157138030335919,0.01590953279903564,0.015273942639078894,0.6,,0.7065860147064262,0.8572625408520783,1.2604202091209822,2.157138030335919,1.1380981273476607,1.590953279903564,1.5305913588748465,1.5273942639078895,60.0,,0.0031970949669570814,
2025-04-08,10,0.015927136248042227,0.01566044979782085,0.01661121753795402,0.02401298457149795,0.017916429045674958,0.034242387953281814,0.006930994594346504,0.024077002785313918,0.5,,1.5927136248042226,1.7916429045674958,1.566044979782085,3.4242387953281814,1.661121753795402,0.6930994594346503,2.401298457149795,2.407700278531392,50.0,,-0.0064018213815968394,
2025-05-14,10,0.007011526674724466,0.023446043562704653,0.01407490597183122,0.02494739787646475,0.010825850726854947,0.03844373579594726,0.009739563156225903,0.024456164338327542,0.5,,0.7011526674724466,1.0825850726854946,2.3446043562704655,3.844373579594726,1.407490597183122,0.9739563156225903,2.494739787646475,2.4456164338327544,50.0,,0.049123353813720794,
2025-06-12,10,0.006540596189388978,0.01323422215130315,0.016578464574598745,0.022414936286818114,0.006184383569076643,0.011436623272794478,0.02696673127704388,0.02265750543123335,0.6,,0.6540596189388977,0.6184383569076644,1.323422215130315,1.1436623272794477,1.6578464574598746,2.696673127704388,2.2414936286818112,2.265750543123335,60.0,,-0.02425691444152367,
2025-07-14,10,0.00628713976206201,0.012751419691445404,0.006155653315304115,0.01656273584170316,0.005701657287280666,0.022680964748248506,0.012159144134122876,0.016583330585523744,0.6,,0.628713976206201,0.5701657287280666,1.2751419691445405,2.2680964748248504,0.6155653315304115,1.2159144134122877,1.656273584170316,1.6583330585523743,60.0,,-0.002059474382058335,
2025-08-13,10,0.006848548827334207,0.013621519641082713,0.0128622712975754,0.017218055662593715,0.008125402891832657,0.022568947603446833,0.010304223094521555,0.017332157782379325,0.6,,0.6848548827334207,0.8125402891832657,1.3621519641082713,2.256894760344683,1.28622712975754,1.0304223094521554,1.7218055662593716,1.7332157782379325,60.0,,-0.011410211978560847,
2025-09-15,10,0.0021222017119298026,0.01299169192183384,0.006714036319815103,0.01517064735108549,0.0030284018062130148,0.024595039749425566,0.009447264843216552,0.015328413039402938,0.6,,0.21222017119298026,0.30284018062130147,1.299169192183384,2.4595039749425567,0.6714036319815103,0.9447264843216553,1.517064735108549,1.5328413039402937,60.0,,-0.01577656883174483,
2025-10-16,10,0.006313063654888417,0.008688230729120127,0.00781885004607844,0.014943646393481825,0.006600471105653821,0.01683192529320935,0.016124364100808707,0.014646891053732413,0.4,,0.6313063654888417,0.6600471105653821,0.8688230729120127,1.683192529320935,0.781885004607844,1.6124364100808708,1.4943646393481824,1.4646891053732414,40.0,,0.02967553397494105,
2025-11-18,10,0.0035094243332311767,0.008602169681343861,0.004858108650422386,0.01253695474256992,0.0027725343227478013,0.0073919691682509895,0.015826676348375656,0.012517918884772255,0.4,,0.3509424333231177,0.2772534322747801,0.8602169681343861,0.7391969168250989,0.4858108650422386,1.5826676348375657,1.253695474256992,1.2517918884772254,40.0,,0.001903585779766459,
2025-12-18,10,0.0014263164816425676,0.007735809417493638,0.00381520427781023,0.00967846124522737,0.0008624901168102397,0.013668655719990106,0.010426938217692859,0.00971526684062923,0.5,,0.14263164816425675,0.08624901168102397,0.7735809417493639,1.3668655719990106,0.381520427781023,1.0426938217692858,0.9678461245227371,0.971526684062923,50.0,,-0.003680559540185868,
2026-01-20,10,0.006576410080534191,0.01067556993724989,0.019757870137242884,0.025057947319148417,0.005004997341992042,0.007608918395639093,0.032021751884447974,0.024944796768058733,0.5,,0.6576410080534191,0.5004997341992042,1.067556993724989,0.7608918395639093,1.9757870137242883,3.2021751884447975,2.5057947319148415,2.4944796768058732,50.0,,0.011315055108968242,
2026-02-19,10,0.0026982962382134388,0.009018123606661824,0.009045283933022199,0.014532828437167689,0.0025593995557899496,0.009712266167673823,0.019897880850603494,0.01425764636161772,0.1,,0.2698296238213439,0.25593995557899496,0.9018123606661824,0.9712266167673823,0.9045283933022199,1.9897880850603493,1.4532828437167689,1.4257646361617722,10.0,,0.027518207554996676,
2026-03-24,10,0.015264761243308205,0.010186912645117013,0.008728731208215063,0.012400073769005567,0.017296026911336186,0.02501761404073366,0.012428489454490946,0.012393630715748621,0.5,,1.5264761243308205,1.7296026911336186,1.0186912645117012,2.501761404073366,0.8728731208215064,1.2428489454490945,1.2400073769005566,1.239363071574862,50.0,,0.0006443053256945941,
2026-04-28,10,0.003253841504690216,0.006271377680927334,0.010055798240062015,0.01344583126380299,0.002895045079718509,0.02010116332577249,0.008806372430904518,0.013514559498465667,0.5,,0.32538415046902164,0.2895045079718509,0.6271377680927335,2.010116332577249,1.0055798240062015,0.8806372430904519,1.344583126380299,1.3514559498465668,50.0,,-0.00687282346626783,
2026-05-28,10,0.003369375202822545,0.024053148903898532,0.01885572256328386,0.0016367531596997425,0.0,0.0,0.0,0.0,0.0,,0.33693752028225454,0.0,2.405314890389853,0.0,1.8855722563283859,0.0,0.16367531596997426,0.0,0.0,,0.16367531596997426,
2026-06-29,10,0.006682105209615925,0.010878622489214094,0.011864128036010186,0.0142600564417528,0.005510149342263629,0.014740305449364052,0.02317760656175221,0.015042756874152985,0.7,,0.6682105209615925,0.5510149342263628,1.0878622489214094,1.474030544936405,1.1864128036010186,2.317760656175221,1.42600564417528,1.5042756874152985,70.0,,-0.07827004324001852,
2026-07-28,10,0.003871722027839344,0.011027321052635824,0.012956087505957678,0.01598029890542576,0.003671427548683091,0.015732106058626256,0.015560719731249584,0.0161722603402893,0.7,,0.3871722027839344,0.3671427548683091,1.1027321052635823,1.5732106058626256,1.2956087505957679,1.5560719731249584,1.5980298905425758,1.6172260340289302,70.0,,-0.019196143486354345,
2026-08-27,10,0.0040006490518385346,0.007943334368533,0.009157553332229748,0.008730602030056916,0.004672349745215472,0.011861220243803705,0.01716135152930449,0.008770691587974054,0.5,,0.40006490518385346,0.46723497452154716,0.7943334368533,1.1861220243803705,0.9157553332229748,1.7161351529304492,0.8730602030056915,0.8770691587974053,50.0,,-0.004008955791713786,
2026-09-28,10,0.004098467107158166,0.010377772696610377,0.010643401645413159,0.014030799073911276,0.004155545609675093,0.0049643659311474336,0.020744886998629294,0.013973706808860476,0.3,,0.4098467107158166,0.41555456096750926,1.0377772696610377,0.49643659311474336,1.064340164541316,2.0744886998629295,1.4030799073911275,1.3973706808860475,30.0,,0.0057092265050799895,
